,datetime,open,high,low,close,volume,prc_change,group_id
0,2018-01-01 00:49:00,13548.0,13599.99,13545.3,13560.11,6.998959,,0
1,2018-01-01 00:50:00,13596.88,13690.87,13521.39,13535.0,16.235999,-0.001851754889893975,0
2,2018-01-01 00:51:00,13574.85,13598.99,13542.7,13581.56,2.898871,0.0034399704469891823,0
3,2018-01-01 00:52:00,13598.99,13603.76,13582.48,13598.99,12.245449,0.0012833577291562204,0
4,2018-01-01 00:53:00,13598.99,13598.99,13531.99,13548.2,8.703766,-0.003734836190040558,0
5,2018-01-01 00:54:00,13548.2,13584.65,13530.0,13530.0,7.822261,-0.0013433518843831704,0
6,2018-01-01 00:55:00,13530.0,13569.66,13529.98,13531.7,6.833715,0.00012564671101267244,0
7,2018-01-01 00:56:00,13531.7,13531.7,13499.98,13510.0,7.048491,-0.0016036418188402068,0
8,2018-01-01 00:57:00,13528.98,13528.98,13456.37,13462.49,6.664322,-0.0035166543301258235,0
9,2018-01-01 00:58:00,13462.49,13524.5,13452.56,13471.61,16.221532,0.0006774378291090066,1
10,2018-01-01 00:59:00,13522.98,13574.05,13471.62,13529.01,8.045008,0.0042608121820628675,1
11,2018-01-01 01:00:00,13528.99,13571.74,13527.9,13543.87,1.535737,0.0010983804432105337,1
12,2018-01-01 01:01:00,13570.0,13570.0,13521.99,13530.98,3.980699,-0.000951722070575145,1
13,2018-01-01 01:02:00,13521.99,13530.98,13481.82,13530.98,4.349511,0.0,1
14,2018-01-01 01:03:00,13530.98,13530.98,13486.53,13520.89,5.241385999999999,-0.0007456961727827505,1
15,2018-01-01 01:04:00,13520.89,13520.89,13481.82,13510.85,9.846013,-0.0007425546691082197,1
16,2018-01-01 01:05:00,13499.99,13520.78,13481.98,13510.85,2.643925,0.0,1
17,2018-01-01 01:06:00,13520.76,13520.76,13489.69,13500.98,1.154356,-0.0007305239862777091,1
18,2018-01-01 01:07:00,13490.09,13517.91,13465.0,13480.01,4.114008,-0.0015532205810244726,1
19,2018-01-01 01:08:00,13490.7,13490.7,13453.0,13453.0,3.856819,-0.002003707712383007,1
20,2018-01-01 01:09:00,13460.0,13479.0,13450.1,13450.1,9.797444,-0.00021556530141975117,1
21,2018-01-01 01:10:00,13452.55,13452.55,13402.28,13402.28,7.300546,-0.0035553639006401516,1
22,2018-01-01 01:11:00,13433.34,13469.99,13404.14,13469.99,7.623139,0.005052125459250156,2
23,2018-01-01 01:12:00,13436.01,13479.0,13436.01,13478.98,6.356779,0.0006674095526426616,2
24,2018-01-01 01:13:00,13478.98,13479.0,13445.63,13445.63,3.265493,-0.002474222826949868,2
25,2018-01-01 01:14:00,13445.63,13470.0,13426.9,13445.63,1.471678,0.0,2
26,2018-01-01 01:15:00,13469.99,13469.99,13446.69,13468.0,2.415631,0.001663737586115488,2
27,2018-01-01 01:16:00,13468.0,13469.99,13450.01,13469.99,3.005456,0.0001477576477575404,2
28,2018-01-01 01:17:00,13450.05,13517.78,13445.63,13492.09,12.527876,0.0016406842172860259,2
29,2018-01-01 01:18:00,13492.09,13530.98,13489.98,13492.14,5.19345,3.705875071924325e-06,2
30,2018-01-01 01:19:00,13516.41,13550.66,13500.19,13550.66,3.050559,0.0043373401106125975,2
31,2018-01-01 01:20:00,13550.85,13578.0,13540.05,13578.0,4.583715,0.0020176139022010098,3
32,2018-01-01 01:21:00,13579.98,13595.89,13541.36,13560.91,8.10443,-0.0012586537045220503,3
33,2018-01-01 01:22:00,13590.0,13592.71,13560.91,13562.65,3.749701,0.00012830997329826843,3
34,2018-01-01 01:23:00,13587.98,13589.0,13562.45,13586.0,7.148379,0.0017216399449959674,3
35,2018-01-01 01:24:00,13586.0,13586.0,13541.0,13541.2,17.304808,-0.003297512144854964,3
36,2018-01-01 01:25:00,13584.95,13584.95,13513.91,13568.86,6.73058,0.0020426550084187145,3
37,2018-01-01 01:26:00,13568.86,13585.0,13541.06,13568.27,1.796739,-4.348191373482191e-05,3
38,2018-01-01 01:27:00,13568.27,13584.98,13567.05,13575.0,5.132778,0.000496010176684214,3
39,2018-01-01 01:28:00,13579.03,13579.03,13568.34,13569.0,4.997652,-0.00044198895027625085,3
40,2018-01-01 01:29:00,13569.0,13569.0,13534.55,13560.0,2.120004,-0.0006632765863364698,3
41,2018-01-01 01:30:00,13559.99,13559.99,13557.98,13557.99,0.682956,-0.0001482300884956267,3
42,2018-01-01 01:31:00,13528.23,13557.99,13525.02,13557.98,4.728258,-7.375724573321918e-07,3
43,2018-01-01 01:32:00,13557.98,13557.98,13529.84,13529.84,5.515513,-0.002075530425623806,3
44,2018-01-01 01:33:00,13529.84,13550.68,13477.2,13477.2,10.090057,-0.003890659460865753,3
45,2018-01-01 01:34:00,13522.24,13522.24,13500.0,13500.14,2.234975,0.0017021339744158759,3
46,2018-01-01 01:35:00,13500.16,13522.1,13477.2,13520.0,3.676649,0.0014710958553023623,3
47,2018-01-01 01:36:00,13520.0,13521.0,13477.2,13520.03,4.867661,2.2189349113688195e-06,3
48,2018-01-01 01:37:00,13520.99,13520.99,13480.05,13519.79,2.525486,-1.775143990068173e-05,3
49,2018-01-01 01:38:00,13519.73,13520.99,13491.53,13519.97,5.415448,1.3313816264792777e-05,3
50,2018-01-01 01:39:00,13515.9,13520.3,13515.89,13515.89,10.370554,-0.00030177581754986527,3
51,2018-01-01 01:40:00,13520.3,13520.3,13500.0,13500.01,2.293994,-0.001174913379732967,3
52,2018-01-01 01:41:00,13500.01,13511.08,13450.98,13450.98,4.539772,-0.0036318491615933146,3
53,2018-01-01 01:42:00,13450.98,13451.0,13443.0,13443.0,6.841792,-0.0005932653234187457,3
54,2018-01-01 01:43:00,13443.0,13451.15,13430.0,13451.15,5.619996,0.0006062634828534197,4
55,2018-01-01 01:44:00,13451.15,13475.0,13430.0,13440.01,4.965294,-0.0008281819770056265,4
56,2018-01-01 01:45:00,13440.01,13440.01,13405.2,13405.2,8.335434,-0.0025900278348006678,4
57,2018-01-01 01:46:00,13405.2,13419.29,13401.13,13401.14,3.297682,-0.00030286754393826776,4
58,2018-01-01 01:47:00,13405.0,13405.0,13377.0,13380.6,16.251397,-0.0015327054265531492,4
59,2018-01-01 01:48:00,13401.09,13405.0,13380.62,13380.68,4.5904359999999995,5.978805135864462e-06,4
60,2018-01-01 01:49:00,13380.69,13380.73,13349.0,13370.0,12.252362,-0.0007981657135511799,4
61,2018-01-01 01:50:00,13380.0,13440.01,13380.0,13400.0,13.266325,0.002243829468960401,4
62,2018-01-01 01:51:00,13400.0,13400.0,13369.99,13380.0,3.932732,-0.0014925373134327957,4
63,2018-01-01 01:52:00,13369.99,13380.0,13343.03,13346.44,6.891834,-0.002508221225709928,4
64,2018-01-01 01:53:00,13343.03,13345.55,13320.01,13325.0,6.468037,-0.0016064208882669018,4
65,2018-01-01 01:54:00,13325.0,13325.02,13300.2,13300.21,11.28523,-0.0018604127579737728,4
66,2018-01-01 01:55:00,13302.01,13302.01,13219.98,13230.34,19.641559,-0.005253300511796399,5
67,2018-01-01 01:56:00,13230.34,13257.98,13200.81,13230.42,9.497591,6.0467077942494285e-06,5
68,2018-01-01 01:57:00,13230.42,13230.42,13186.0,13215.0,7.872177,-0.0011654958799494075,5
69,2018-01-01 01:58:00,13200.0,13215.0,13155.38,13202.0,15.537332,-0.0009837306091562414,5
70,2018-01-01 01:59:00,13201.97,13230.47,13181.09,13203.06,9.809182,8.029086502037153e-05,5
71,2018-01-01 02:00:00,13203.0,13281.17,13202.03,13280.28,11.204114,0.005848644177940621,5
72,2018-01-01 02:01:00,13280.28,13321.14,13280.27,13317.19,8.991743,0.0027793088699936686,5
73,2018-01-01 02:02:00,13317.19,13344.02,13317.19,13317.34,7.80419,1.126363744896608e-05,5
74,2018-01-01 02:03:00,13317.4,13346.44,13317.38,13345.0,9.757591,0.002076991351125601,5
75,2018-01-01 02:04:00,13345.0,13381.97,13345.0,13366.0,10.187717,0.001573623079805131,6
76,2018-01-01 02:05:00,13366.0,13400.0,13365.99,13400.0,5.439089,0.002543767768966143,6
77,2018-01-01 02:06:00,13399.33,13399.99,13350.02,13350.5,9.439316,-0.0036940298507462943,6
78,2018-01-01 02:07:00,13350.5,13365.78,13276.96,13277.01,10.796443,-0.005504662746713573,6
79,2018-01-01 02:08:00,13299.98,13329.1,13277.01,13300.0,7.04566,0.0017315645615993969,6
80,2018-01-01 02:09:00,13318.97,13320.0,13291.59,13320.0,3.977255,0.0015037593984963404,6
81,2018-01-01 02:10:00,13320.0,13389.0,13320.0,13352.45,6.386453,0.002436186186186351,6
82,2018-01-01 02:11:00,13352.48,13411.76,13350.69,13350.69,7.783803,-0.00013181101595594047,6
83,2018-01-01 02:12:00,13350.69,13370.01,13350.69,13351.38,2.49111,5.168272201649948e-05,6
84,2018-01-01 02:13:00,13370.0,13388.82,13352.0,13360.0,4.321399,0.0006456261450127343,6
85,2018-01-01 02:14:00,13379.0,13398.81,13360.02,13387.0,2.916587,0.0020209580838324026,6
86,2018-01-01 02:15:00,13387.0,13388.0,13350.0,13364.77,3.327033,-0.0016605662209605576,6
87,2018-01-01 02:16:00,13364.76,13364.76,13343.01,13343.03,4.518965,-0.0016266647312299654,6
88,2018-01-01 02:17:00,13343.01,13343.03,13300.0,13341.96,4.321569,-8.019168060036108e-05,6
89,2018-01-01 02:18:00,13340.95,13340.95,13269.0,13269.0,7.190243,-0.0054684619051472705,6
90,2018-01-01 02:19:00,13290.0,13290.0,13228.02,13287.45,6.783491,0.001390458964503738,6
91,2018-01-01 02:20:00,13286.99,13286.99,13228.03,13256.44,4.622008,-0.0023337811242939432,6
92,2018-01-01 02:21:00,13256.44,13275.8,13251.0,13272.41,3.688822,0.0012046974904271757,7
93,2018-01-01 02:22:00,13272.41,13321.06,13251.02,13302.0,11.77721,0.0022294368543467336,7
94,2018-01-01 02:23:00,13302.0,13330.37,13301.14,13330.0,5.948804,0.0021049466245677273,7
95,2018-01-01 02:24:00,13320.0,13330.0,13291.03,13301.65,8.603192,-0.002126781695423907,7
96,2018-01-01 02:25:00,13301.65,13330.0,13291.07,13302.13,7.979609,3.6085748760461556e-05,7
97,2018-01-01 02:26:00,13329.98,13330.0,13300.0,13308.0,4.768194,0.0004412827118664975,7
98,2018-01-01 02:27:00,13308.0,13323.97,13290.0,13307.96,4.3652370000000005,-3.0057108506564845e-06,7
99,2018-01-01 02:28:00,13290.89,13323.97,13290.0,13290.0,6.778207,-0.001349568228338427,7
100,2018-01-01 02:29:00,13305.99,13305.99,13225.0,13225.0,10.513455,-0.004890895410082807,7
101,2018-01-01 02:30:00,13247.8,13247.84,13200.0,13208.0,9.935304,-0.0012854442344045758,7
102,2018-01-01 02:31:00,13208.0,13297.05,13208.0,13294.95,4.2365889999999995,0.0065831314354936055,7
103,2018-01-01 02:32:00,13256.75,13287.24,13255.04,13268.92,3.3440369999999997,-0.00195788626508564,7
104,2018-01-01 02:33:00,13268.92,13349.99,13202.03,13349.94,19.956916,0.006105998076708641,7
105,2018-01-01 02:34:00,13311.54,13339.99,13280.0,13288.0,3.2763880000000003,-0.004639721227211568,8
106,2018-01-01 02:35:00,13300.0,13340.0,13288.02,13294.55,17.094187,0.0004929259482238102,8
107,2018-01-01 02:36:00,13294.0,13304.98,13267.59,13295.07,9.536999,3.911377218490664e-05,8
108,2018-01-01 02:37:00,13273.0,13273.0,13210.0,13242.84,7.667193,-0.00392852388140863,8
109,2018-01-01 02:38:00,13242.21,13242.21,13220.92,13225.73,1.892914,-0.001292018932494865,8
110,2018-01-01 02:39:00,13222.36,13225.72,13211.72,13220.0,4.892845,-0.00043324640681452475,8
111,2018-01-01 02:40:00,13225.22,13245.2,13220.0,13225.2,4.5764759999999995,0.0003933434190621643,8
112,2018-01-01 02:41:00,13225.2,13245.19,13225.2,13226.1,1.367664,6.805190091641045e-05,8
113,2018-01-01 02:42:00,13225.22,13245.0,13225.22,13241.0,1.807556,0.0011265603617089948,8
114,2018-01-01 02:43:00,13241.0,13280.35,13241.0,13280.35,3.963912,0.002971829922211233,8
115,2018-01-01 02:44:00,13280.36,13340.0,13260.17,13321.08,18.170523,0.0030669372418647978,8
116,2018-01-01 02:45:00,13338.97,13345.99,13320.0,13345.99,14.710404,0.001869968501052366,8
117,2018-01-01 02:46:00,13345.99,13389.0,13338.97,13360.0,16.665043999999998,0.0010497535214697429,8
118,2018-01-01 02:47:00,13359.99,13381.0,13334.89,13381.0,6.0685009999999995,0.0015718562874251774,9
119,2018-01-01 02:48:00,13354.03,13381.0,13354.03,13366.99,1.435067,-0.0010470069501532508,9
120,2018-01-01 02:49:00,13366.99,13368.75,13347.0,13365.99,4.276401,-7.481115793461779e-05,9
121,2018-01-01 02:50:00,13365.99,13418.43,13365.99,13396.07,6.881497,0.0022504879922848886,9
122,2018-01-01 02:51:00,13396.07,13418.41,13347.14,13370.01,5.311164,-0.0019453466576391243,9
123,2018-01-01 02:52:00,13379.99,13379.99,13301.79,13344.82,5.428841,-0.0018840674015950798,9
124,2018-01-01 02:53:00,13344.82,13357.92,13300.0,13300.0,12.546052,-0.003358606560448174,9
125,2018-01-01 02:54:00,13297.55,13325.0,13260.09,13323.02,8.203401,0.0017308270676692494,9
126,2018-01-01 02:55:00,13323.02,13323.07,13275.44,13318.96,13.643292,-0.0003047357130742112,9
127,2018-01-01 02:56:00,13299.95,13306.38,13275.0,13275.0,2.633178,-0.003300558001525622,9
128,2018-01-01 02:57:00,13281.41,13281.42,13261.01,13281.39,3.260161,0.0004813559322034422,9
129,2018-01-01 02:58:00,13281.42,13329.42,13280.01,13305.33,7.848859,0.0018025221757662635,9
130,2018-01-01 02:59:00,13358.0,13358.0,13306.02,13330.18,4.704698,0.0018676725793347337,9
131,2018-01-01 03:00:00,13330.26,13358.0,13330.21,13331.03,6.0389669999999995,6.376508044159124e-05,9
132,2018-01-01 03:01:00,13341.65,13374.99,13341.65,13349.96,10.574272,0.0014199953041886815,9
133,2018-01-01 03:02:00,13349.93,13349.93,13295.94,13301.0,5.293972,-0.003667426718881539,9
134,2018-01-01 03:03:00,13319.85,13319.85,13300.0,13318.86,6.578128,0.0013427561837455748,9
135,2018-01-01 03:04:00,13318.86,13318.86,13293.0,13293.01,2.786061,-0.0019408568000565118,9
136,2018-01-01 03:05:00,13293.01,13319.85,13290.0,13318.86,2.261841,0.0019446310504542819,9
137,2018-01-01 03:06:00,13318.86,13319.7,13295.22,13295.4,5.214477,-0.001761412012739938,9
138,2018-01-01 03:07:00,13295.4,13350.0,13295.22,13334.24,2.018668,0.0029213111301653605,9
139,2018-01-01 03:08:00,13334.24,13343.53,13302.25,13343.53,2.9118429999999997,0.0006967026242217234,9
140,2018-01-01 03:09:00,13341.63,13369.99,13320.0,13350.0,9.759501,0.00048487918864048574,9
141,2018-01-01 03:10:00,13352.0,13369.87,13346.75,13368.79,5.666764,0.0014074906367040896,9
142,2018-01-01 03:11:00,13367.84,13370.0,13352.01,13370.0,5.749666,9.050931310894406e-05,9
143,2018-01-01 03:12:00,13370.0,13380.0,13370.0,13380.0,0.924928,0.0007479431563202077,9
144,2018-01-01 03:13:00,13380.0,13450.0,13380.0,13449.76,20.011315,0.005213751868460514,9
145,2018-01-01 03:14:00,13432.55,13450.76,13420.02,13444.99,3.229111,-0.0003546531685324483,10
146,2018-01-01 03:15:00,13440.0,13450.76,13440.0,13450.75,10.717155,0.00042841236772961366,10
147,2018-01-01 03:16:00,13450.75,13500.0,13450.01,13455.0,12.654193,0.0003159675111052973,10
148,2018-01-01 03:17:00,13455.0,13530.0,13455.0,13528.31,15.472151,0.0054485321441841705,10
149,2018-01-01 03:18:00,13528.31,13534.96,13474.9,13474.9,10.358633,-0.003948017158092898,10
150,2018-01-01 03:19:00,13474.9,13474.92,13450.03,13458.07,3.648979,-0.001248988860770739,10
151,2018-01-01 03:20:00,13468.0,13483.71,13468.0,13483.7,4.679865,0.0019044335480495889,10
152,2018-01-01 03:21:00,13483.69,13500.0,13475.0,13490.0,3.047622,0.0004672308046009821,10
153,2018-01-01 03:22:00,13490.0,13509.97,13475.01,13505.0,8.426283999999999,0.0011119347664936274,10
154,2018-01-01 03:23:00,13500.0,13509.98,13490.01,13505.0,5.480090000000001,0.0,10
155,2018-01-01 03:24:00,13509.97,13534.9,13505.0,13510.0,3.183198,0.0003702332469455172,10
156,2018-01-01 03:25:00,13540.75,13595.88,13510.11,13541.88,5.453601,0.0023597335307179446,10
157,2018-01-01 03:26:00,13541.84,13611.27,13541.84,13559.0,7.82047,0.001264226237420507,10
158,2018-01-01 03:27:00,13559.0,13599.99,13544.24,13544.24,12.875089,-0.001088575853676499,10
159,2018-01-01 03:28:00,13550.0,13590.98,13544.24,13560.95,6.460003,0.001233734783199436,10
160,2018-01-01 03:29:00,13560.95,13588.67,13560.95,13562.37,1.995973,0.00010471242796405988,10
161,2018-01-01 03:30:00,13562.37,13588.65,13560.94,13568.92,7.746324,0.0004829539379915815,10
162,2018-01-01 03:31:00,13560.94,13568.93,13500.0,13529.99,14.057933,-0.002869056638258649,10
163,2018-01-01 03:32:00,13546.81,13579.99,13529.99,13579.98,4.0941730000000005,0.003694755132856775,10
164,2018-01-01 03:33:00,13579.98,13600.02,13565.01,13600.01,10.900057,0.0014749653534100737,11
165,2018-01-01 03:34:00,13600.01,13611.01,13567.14,13589.98,8.213691,-0.0007374994577210581,11
166,2018-01-01 03:35:00,13589.95,13594.96,13568.28,13587.99,1.781118,-0.0001464314149101087,11
167,2018-01-01 03:36:00,13588.0,13594.0,13547.33,13547.33,9.936588,-0.002992348390012056,11
168,2018-01-01 03:37:00,13547.33,13549.99,13520.0,13520.0,8.270661,-0.0020173716887386117,11
169,2018-01-01 03:38:00,13519.98,13519.98,13400.0,13488.66,14.463002,-0.0023180473372781396,11
170,2018-01-01 03:39:00,13481.78,13481.78,13435.09,13445.2,5.604418,-0.003221965710455965,11
171,2018-01-01 03:40:00,13473.91,13478.96,13446.79,13467.31,4.792411,0.0016444530390027357,12
172,2018-01-01 03:41:00,13478.0,13525.0,13467.31,13525.0,4.916387,0.004283706248686681,12
173,2018-01-01 03:42:00,13496.05,13525.0,13496.05,13524.98,2.954263,-1.4787430684393144e-06,12
174,2018-01-01 03:43:00,13511.0,13529.42,13510.0,13511.01,0.8664350000000001,-0.0010329035606706505,12
175,2018-01-01 03:44:00,13511.01,13529.42,13500.0,13500.0,7.021845,-0.00081489096670051,12
176,2018-01-01 03:45:00,13510.0,13510.0,13465.9,13507.0,9.789844,0.0005185185185185848,12
177,2018-01-01 03:46:00,13506.99,13506.99,13467.91,13470.08,4.346496,-0.0027333974975938258,12
178,2018-01-01 03:47:00,13470.08,13500.0,13470.0,13485.08,6.448358,0.0011135791324179412,12
179,2018-01-01 03:48:00,13489.98,13498.99,13489.98,13490.01,11.151853,0.0003655892289848861,12
180,2018-01-01 03:49:00,13490.01,13498.99,13470.03,13489.96,10.668493,-3.706446474183167e-06,12
181,2018-01-01 03:50:00,13475.01,13489.97,13470.07,13470.08,10.468662,-0.0014736885802477673,12
182,2018-01-01 03:51:00,13470.07,13470.08,13444.1,13446.0,12.455362,-0.0017876657005748697,12
183,2018-01-01 03:52:00,13445.01,13446.0,13400.31,13439.99,7.914444,-0.0004469730774951941,12
184,2018-01-01 03:53:00,13439.94,13449.47,13400.04,13449.47,8.872842,0.0007053576676767648,12
185,2018-01-01 03:54:00,13426.0,13449.47,13405.66,13435.98,5.78665,-0.0010030135016472208,12
186,2018-01-01 03:55:00,13411.35,13435.98,13410.02,13410.02,5.230354,-0.0019321255315949415,12
187,2018-01-01 03:56:00,13410.02,13435.94,13410.02,13435.89,5.300907,0.0019291544680768435,12
188,2018-01-01 03:57:00,13415.08,13435.94,13410.05,13410.09,3.440769,-0.0019202300703562436,12
189,2018-01-01 03:58:00,13434.99,13435.94,13410.02,13410.03,3.780324,-4.4742429021749075e-06,12
190,2018-01-01 03:59:00,13420.01,13438.65,13410.03,13410.03,7.519546,0.0,12
191,2018-01-01 04:00:00,13434.98,13470.0,13410.05,13469.94,18.762808,0.0044675515267302846,12
192,2018-01-01 04:01:00,13436.0,13469.96,13436.0,13469.96,6.67232,1.4847876084189693e-06,12
193,2018-01-01 04:02:00,13469.96,13483.07,13446.0,13454.0,4.918426,-0.0011848587523644039,12
194,2018-01-01 04:03:00,13454.0,13477.48,13454.0,13455.05,3.410017,7.804370447450637e-05,12
195,2018-01-01 04:04:00,13455.05,13465.0,13426.95,13426.95,8.024658,-0.0020884351971934834,12
196,2018-01-01 04:05:00,13447.73,13455.04,13423.2,13424.79,2.6246810000000003,-0.0001608704880855516,12
197,2018-01-01 04:06:00,13424.79,13455.05,13414.34,13431.45,4.274643,0.0004960971456535734,12
198,2018-01-01 04:07:00,13431.43,13431.45,13408.59,13431.42,2.542896,-2.2335637627213245e-06,12
199,2018-01-01 04:08:00,13408.64,13430.0,13377.03,13408.99,8.302596,-0.0016699649031897135,12
200,2018-01-01 04:09:00,13398.0,13400.0,13370.0,13400.0,2.6983,-0.0006704457233542849,12
201,2018-01-01 04:10:00,13399.99,13427.48,13363.0,13363.0,6.266098,-0.0027611940298507553,12
202,2018-01-01 04:11:00,13363.0,13389.99,13338.84,13338.84,7.414428,-0.0018079772506173208,13
203,2018-01-01 04:12:00,13338.84,13379.89,13322.15,13353.18,10.125518,0.0010750560018712996,13
204,2018-01-01 04:13:00,13339.11,13379.89,13339.11,13378.38,4.568678,0.0018871909163209466,13
205,2018-01-01 04:14:00,13378.38,13379.89,13351.71,13351.71,4.153566,-0.001993514909876981,13
206,2018-01-01 04:15:00,13354.99,13354.99,13323.91,13329.0,12.199116,-0.0017009057266821337,13
207,2018-01-01 04:16:00,13329.0,13330.0,13323.55,13330.0,11.493222,7.50243829243935e-05,13
208,2018-01-01 04:17:00,13330.0,13389.98,13328.9,13335.05,9.001071,0.0003788447111776616,13
209,2018-01-01 04:18:00,13335.72,13337.0,13330.03,13330.04,2.565853,-0.00037570162841527033,13
210,2018-01-01 04:19:00,13337.0,13337.0,13330.03,13330.05,1.215308,7.501852956615096e-07,13
211,2018-01-01 04:20:00,13336.98,13382.58,13331.0,13341.48,2.898377,0.0008574611498082252,13
212,2018-01-01 04:21:00,13352.3,13374.88,13332.28,13358.3,1.105522,0.0012607296941569146,13
213,2018-01-01 04:22:00,13355.45,13375.0,13342.88,13365.54,3.721286,0.0005419851328389846,13
214,2018-01-01 04:23:00,13374.64,13389.99,13365.0,13389.97,4.40772,0.0018278348648836928,13
215,2018-01-01 04:24:00,13389.99,13410.0,13389.96,13408.99,5.477337,0.001420466214636873,13
216,2018-01-01 04:25:00,13408.99,13431.43,13391.31,13428.31,2.834609,0.0014408244021362204,13
217,2018-01-01 04:26:00,13428.31,13449.89,13422.3,13435.0,4.396513,0.0004982011883849502,13
218,2018-01-01 04:27:00,13435.0,13439.99,13422.0,13430.0,1.847546,-0.00037216226274661146,13
219,2018-01-01 04:28:00,13430.0,13448.0,13423.04,13432.46,2.451016,0.000183172002978349,13
220,2018-01-01 04:29:00,13447.99,13448.0,13400.0,13430.0,4.948641,-0.0001831384571403527,13
221,2018-01-01 04:30:00,13429.99,13447.97,13401.94,13447.97,2.868949,0.0013380491437080533,13
222,2018-01-01 04:31:00,13447.95,13450.0,13447.95,13449.77,4.100592,0.00013384919805758955,13
223,2018-01-01 04:32:00,13449.77,13460.9,13448.88,13450.0,9.069178,1.7100664174929392e-05,13
224,2018-01-01 04:33:00,13450.0,13459.95,13419.6,13419.6,3.872025,-0.00226022304832707,13
225,2018-01-01 04:34:00,13408.7,13458.99,13407.99,13445.35,4.173764,0.0019188351366656864,13
226,2018-01-01 04:35:00,13446.25,13457.88,13422.16,13457.8,4.526355,0.0009259706887509989,13
227,2018-01-01 04:36:00,13457.8,13472.15,13442.22,13470.18,2.328621,0.0009199126157322102,13
228,2018-01-01 04:37:00,13470.0,13473.05,13462.0,13462.99,3.199092,-0.0005337716348260413,14
229,2018-01-01 04:38:00,13462.99,13477.0,13452.1,13461.99,1.138162,-7.427770502688169e-05,14
230,2018-01-01 04:39:00,13461.99,13474.0,13440.0,13462.0,5.177868,7.428322261748832e-07,14
231,2018-01-01 04:40:00,13474.0,13479.06,13474.0,13479.06,1.521795,0.0012672708364285246,14
232,2018-01-01 04:41:00,13479.06,13500.0,13479.06,13500.0,5.000825,0.0015535207944767926,14
233,2018-01-01 04:42:00,13487.27,13528.0,13487.27,13511.0,9.819134,0.0008148148148148238,14
234,2018-01-01 04:43:00,13517.0,13550.0,13516.99,13547.17,7.300652,0.002677077936496186,14
235,2018-01-01 04:44:00,13549.94,13550.0,13500.0,13507.41,4.846596,-0.002934930321240592,14
236,2018-01-01 04:45:00,13507.41,13552.54,13507.41,13550.0,4.654027,0.0031530841219744588,14
237,2018-01-01 04:46:00,13550.0,13568.24,13530.96,13560.0,8.384188,0.0007380073800737907,14
238,2018-01-01 04:47:00,13560.0,13584.94,13550.0,13579.61,3.471224,0.001446165191740345,14
239,2018-01-01 04:48:00,13584.94,13588.99,13508.38,13569.94,10.719213,-0.0007120970337145538,14
240,2018-01-01 04:49:00,13564.66,13564.66,13480.01,13499.99,6.575261,-0.005154775923843502,14
241,2018-01-01 04:50:00,13499.99,13521.89,13465.41,13519.96,2.6311419999999996,0.0014792603550075611,14
242,2018-01-01 04:51:00,13501.88,13520.98,13499.99,13499.99,2.394964,-0.0014770753759626443,14
243,2018-01-01 04:52:00,13517.89,13519.99,13500.02,13505.0,3.324903,0.000371111386008538,14
244,2018-01-01 04:53:00,13519.98,13532.23,13500.0,13532.22,4.137398,0.0020155497963716407,14
245,2018-01-01 04:54:00,13532.23,13578.93,13504.25,13578.0,4.948125,0.0033830369296390383,14
246,2018-01-01 04:55:00,13575.76,13584.0,13532.3,13560.02,3.1626399999999997,-0.0013242009132419241,14
247,2018-01-01 04:56:00,13560.0,13572.74,13560.0,13572.74,5.922736,0.000938051713788024,14
248,2018-01-01 04:57:00,13565.01,13583.29,13532.42,13571.99,8.236142000000001,-5.525781824455844e-05,14
249,2018-01-01 04:58:00,13571.99,13600.0,13532.57,13594.0,20.599962,0.0016217223855896634,14
250,2018-01-01 04:59:00,13600.0,13623.29,13572.13,13601.01,17.379026,0.0005156686773577501,14
251,2018-01-01 05:00:00,13615.2,13650.0,13577.38,13598.73,18.192476,-0.00016763460948865383,15
252,2018-01-01 05:01:00,13598.73,13664.2,13572.1,13650.0,17.224154,0.003770205011791594,15
253,2018-01-01 05:02:00,13650.0,13677.83,13610.04,13636.37,13.580391,-0.0009985347985347337,15
254,2018-01-01 05:03:00,13648.24,13650.0,13610.02,13636.37,10.074568,0.0,15
255,2018-01-01 05:04:00,13636.37,13650.04,13636.37,13650.04,11.104439,0.001002466198849028,15
256,2018-01-01 05:05:00,13637.0,13671.43,13637.0,13640.0,10.282844,-0.0007355289801349585,15
257,2018-01-01 05:06:00,13640.01,13666.0,13610.02,13666.0,17.932209,0.0019061583577713037,15
258,2018-01-01 05:07:00,13666.0,13667.65,13611.02,13611.03,12.232614,-0.004022391336162667,15
259,2018-01-01 05:08:00,13619.49,13661.83,13600.0,13640.53,15.534513,0.0021673598544709183,15
260,2018-01-01 05:09:00,13640.53,13663.99,13607.3,13607.5,15.880592,-0.0024214601632048804,15
261,2018-01-01 05:10:00,13661.7,13661.7,13607.28,13607.3,6.450614,-1.469777696128105e-05,15
262,2018-01-01 05:11:00,13605.0,13647.95,13552.02,13552.03,11.080413,-0.004061790362525852,15
263,2018-01-01 05:12:00,13568.49,13627.29,13564.61,13600.0,11.403883,0.0035396911016283283,15
264,2018-01-01 05:13:00,13599.98,13645.0,13588.0,13588.0,7.785914,-0.0008823529411764452,15
265,2018-01-01 05:14:00,13588.0,13627.27,13588.0,13627.14,7.176313,0.0028804827789226106,15
266,2018-01-01 05:15:00,13600.0,13635.0,13593.58,13600.04,15.653452,-0.001988678475454031,15
267,2018-01-01 05:16:00,13600.08,13650.0,13598.02,13609.64,6.357423,0.0007058802768225014,15
268,2018-01-01 05:17:00,13609.64,13661.83,13608.98,13632.0,7.531649,0.0016429530832557937,15
269,2018-01-01 05:18:00,13632.0,13688.03,13620.01,13667.0,10.534791,0.0025674882629107554,15
270,2018-01-01 05:19:00,13667.0,13699.0,13644.33,13644.34,10.396407,-0.0016580083412599533,15
271,2018-01-01 05:20:00,13644.33,13663.99,13628.59,13644.33,8.951395,-7.329046329829225e-07,15
272,2018-01-01 05:21:00,13633.4,13644.33,13609.0,13609.0,1.19512,-0.0025893539660797327,15
273,2018-01-01 05:22:00,13597.32,13597.32,13555.45,13588.0,6.239964,-0.0015430964802704006,15
274,2018-01-01 05:23:00,13588.0,13588.0,13562.01,13581.0,2.658932,-0.0005151604356785633,15
275,2018-01-01 05:24:00,13581.0,13581.01,13550.01,13554.88,2.572596,-0.001923275163831839,15
276,2018-01-01 05:25:00,13554.88,13614.91,13550.01,13568.74,5.575087,0.0010225099742675603,15
277,2018-01-01 05:26:00,13551.21,13601.75,13532.57,13550.02,14.074611,-0.0013796417353416635,15
278,2018-01-01 05:27:00,13569.0,13595.44,13550.02,13569.0,1.542342,0.00140073593987311,15
279,2018-01-01 05:28:00,13569.0,13569.0,13551.0,13560.02,2.098777,-0.000661802638366793,15
280,2018-01-01 05:29:00,13560.02,13619.97,13560.02,13618.51,8.120321,0.004313415466938864,15
281,2018-01-01 05:30:00,13618.51,13618.51,13591.06,13618.51,2.889872,0.0,15
282,2018-01-01 05:31:00,13606.23,13619.95,13588.01,13592.01,4.71097,-0.001945881010477657,15
283,2018-01-01 05:32:00,13592.01,13629.0,13588.0,13588.0,6.3622250000000005,-0.0002950262691095995,15
284,2018-01-01 05:33:00,13588.0,13602.67,13563.98,13564.18,5.609784,-0.0017530173682660521,15
285,2018-01-01 05:34:00,13564.18,13590.0,13564.18,13589.98,3.840041,0.001902068536395074,15
286,2018-01-01 05:35:00,13565.96,13589.9,13549.99,13549.99,4.7056130000000005,-0.0029426091870627946,15
287,2018-01-01 05:36:00,13542.62,13550.0,13530.56,13545.0,5.852995,-0.0003682659544398392,15
288,2018-01-01 05:37:00,13546.33,13546.33,13531.53,13545.0,5.289714,0.0,15
289,2018-01-01 05:38:00,13545.0,13549.99,13530.58,13545.0,3.729607,0.0,15
290,2018-01-01 05:39:00,13545.0,13547.0,13530.58,13531.9,5.698556,-0.0009671465485419084,15
291,2018-01-01 05:40:00,13540.0,13540.0,13530.0,13531.0,6.647253,-6.650950716458048e-05,15
292,2018-01-01 05:41:00,13531.9,13531.9,13530.0,13531.0,4.806982,0.0,15
293,2018-01-01 05:42:00,13530.1,13559.0,13530.0,13559.0,4.404014,0.0020693222969476732,15
294,2018-01-01 05:43:00,13550.01,13589.99,13550.01,13559.03,3.480189,2.212552548064295e-06,15
295,2018-01-01 05:44:00,13559.06,13580.01,13549.99,13580.01,2.495578,0.0015473083251529296,15
296,2018-01-01 05:45:00,13558.95,13599.86,13550.05,13550.34,1.946691,-0.0021848290244264046,15
297,2018-01-01 05:46:00,13558.7,13565.0,13532.0,13540.95,4.878398,-0.0006929715416734705,15
298,2018-01-01 05:47:00,13540.95,13600.0,13531.93,13559.69,2.67486,0.0013839501659780318,15
299,2018-01-01 05:48:00,13545.55,13559.67,13545.55,13549.85,5.146656,-0.0007256803068507178,15
300,2018-01-01 05:49:00,13549.85,13550.0,13531.0,13540.98,5.022172,-0.0006546197928390951,15
301,2018-01-01 05:50:00,13532.0,13549.84,13526.5,13540.0,2.233391,-7.237290063200064e-05,15
302,2018-01-01 05:51:00,13549.84,13560.0,13532.01,13532.1,2.490631,-0.000583456425406137,15
303,2018-01-01 05:52:00,13532.13,13560.0,13529.0,13559.99,4.348672,0.002061025265849281,15
304,2018-01-01 05:53:00,13559.99,13560.0,13538.56,13541.0,1.5403300000000002,-0.0014004435106514945,15
305,2018-01-01 05:54:00,13541.0,13559.88,13530.01,13538.59,0.5925779999999999,-0.00017797799276275672,15
306,2018-01-01 05:55:00,13538.59,13557.36,13538.59,13540.0,1.231067,0.00010414673906211647,15
307,2018-01-01 05:56:00,13539.98,13559.9,13530.01,13559.9,4.946945,0.0014697193500738948,15
308,2018-01-01 05:57:00,13538.62,13559.9,13538.62,13558.99,0.493834,-6.71096394515569e-05,15
309,2018-01-01 05:58:00,13558.98,13558.99,13538.62,13550.97,3.185041,-0.0005914894840988172,15
310,2018-01-01 05:59:00,13550.97,13558.99,13538.66,13558.99,3.535583,0.0005918395509694196,15
311,2018-01-01 06:00:00,13539.0,13550.99,13530.07,13550.97,2.769852,-0.0005914894840988172,15
312,2018-01-01 06:01:00,13550.97,13550.99,13550.88,13550.93,1.250955,-2.9518182093069e-06,15
313,2018-01-01 06:02:00,13550.93,13550.97,13530.01,13550.89,12.043595,-2.9518269226702643e-06,15
314,2018-01-01 06:03:00,13550.0,13550.94,13530.01,13536.58,2.921539,-0.0010560191987389889,15
315,2018-01-01 06:04:00,13535.0,13545.12,13520.0,13520.0,6.220109,-0.0012248293143467537,15
316,2018-01-01 06:05:00,13520.0,13545.0,13510.01,13510.04,3.586437,-0.0007366863905324816,16
317,2018-01-01 06:06:00,13510.04,13571.63,13510.0,13524.11,3.434882,0.0010414476937152806,16
318,2018-01-01 06:07:00,13554.19,13554.19,13510.0,13512.0,3.058356,-0.0008954378513632566,16
319,2018-01-01 06:08:00,13512.0,13539.79,13510.96,13513.77,5.08672,0.0001309946714032062,16
320,2018-01-01 06:09:00,13513.81,13538.96,13510.96,13512.61,2.211509,-8.583837078768308e-05,16
321,2018-01-01 06:10:00,13538.94,13538.96,13510.0,13519.94,2.901534,0.0005424562686260348,16
322,2018-01-01 06:11:00,13519.94,13530.0,13510.0,13510.0,1.990323,-0.0007352103633596618,16
323,2018-01-01 06:12:00,13529.99,13539.71,13515.74,13531.0,1.6042,0.0015544041450776813,16
324,2018-01-01 06:13:00,13531.0,13537.36,13510.02,13532.33,7.881033,9.829280910511606e-05,16
325,2018-01-01 06:14:00,13532.33,13532.33,13520.0,13532.32,1.416801,-7.389710419136719e-07,16
326,2018-01-01 06:15:00,13532.0,13532.33,13510.51,13532.33,3.820396,7.389715881434e-07,16
327,2018-01-01 06:16:00,13532.33,13532.33,13522.33,13532.33,7.361559,0.0,16
328,2018-01-01 06:17:00,13532.33,13539.79,13511.01,13539.79,8.013081,0.0005512723972886935,16
329,2018-01-01 06:18:00,13539.79,13590.0,13539.79,13550.01,9.777365,0.0007548122976797078,16
330,2018-01-01 06:19:00,13551.98,13589.28,13550.04,13589.28,0.973915,0.0028981528426916814,16
331,2018-01-01 06:20:00,13552.11,13590.0,13552.11,13562.2,3.694838,-0.001992747224282665,16
332,2018-01-01 06:21:00,13562.2,13620.0,13562.2,13608.08,9.066512,0.0033829319726887963,16
333,2018-01-01 06:22:00,13599.98,13620.0,13581.75,13605.45,5.963302,-0.00019326752929138546,16
334,2018-01-01 06:23:00,13620.0,13640.0,13614.09,13640.0,9.447466,0.002539423539831498,16
335,2018-01-01 06:24:00,13629.54,13660.0,13628.41,13650.01,6.353701,0.000733870967742023,16
336,2018-01-01 06:25:00,13660.0,13667.28,13646.37,13648.29,10.810851,-0.0001260072336942697,17
337,2018-01-01 06:26:00,13649.21,13697.97,13646.39,13697.97,13.635836,0.003640016441620153,17
338,2018-01-01 06:27:00,13679.15,13701.13,13640.01,13659.33,7.301928,-0.002820855937047617,17
339,2018-01-01 06:28:00,13659.33,13684.19,13647.01,13669.72,1.533735,0.0007606522428258433,17
340,2018-01-01 06:29:00,13666.99,13687.77,13659.33,13687.76,1.834433,0.0013197051585549513,17
341,2018-01-01 06:30:00,13687.76,13687.76,13646.36,13662.33,7.123518,-0.00185786425244161,17
342,2018-01-01 06:31:00,13650.01,13662.33,13620.01,13661.99,6.257091,-2.4885945515862318e-05,17
343,2018-01-01 06:32:00,13661.99,13661.99,13634.15,13659.97,4.70451,-0.0001478554734706261,17
344,2018-01-01 06:33:00,13659.96,13686.99,13634.15,13660.39,2.457278,3.0746773235890146e-05,17
345,2018-01-01 06:34:00,13660.39,13661.52,13634.15,13647.06,3.027257,-0.0009758140140947447,17
346,2018-01-01 06:35:00,13650.62,13659.98,13641.0,13659.93,5.062731,0.0009430602635294161,17
347,2018-01-01 06:36:00,13647.06,13661.52,13647.06,13659.0,1.655017,-6.808234009980652e-05,17
348,2018-01-01 06:37:00,13659.0,13699.99,13640.04,13665.0,3.960368,0.00043927081045458394,17
349,2018-01-01 06:38:00,13685.89,13699.97,13665.01,13676.0,2.07009,0.0008049762166117969,17
350,2018-01-01 06:39:00,13676.0,13700.0,13674.98,13674.98,2.575136,-7.458321146536218e-05,17
351,2018-01-01 06:40:00,13671.18,13689.0,13671.17,13674.01,2.139211,-7.093246205835957e-05,17
352,2018-01-01 06:41:00,13675.37,13700.0,13674.01,13695.0,3.021489,0.001535028861321619,17
353,2018-01-01 06:42:00,13695.0,13724.9,13683.14,13723.98,2.792281,0.0021161007667032106,17
354,2018-01-01 06:43:00,13722.85,13723.95,13683.13,13685.32,2.71916,-0.002816967089721789,17
355,2018-01-01 06:44:00,13686.0,13750.0,13686.0,13722.47,2.691971,0.002714587601897467,17
356,2018-01-01 06:45:00,13722.48,13773.9,13722.48,13747.0,2.799183,0.0017875790582890794,17
357,2018-01-01 06:46:00,13726.0,13750.0,13702.1,13739.82,5.281495,-0.0005222957736233935,17
358,2018-01-01 06:47:00,13708.7,13739.88,13708.7,13715.09,0.869816,-0.0017998780187804542,17
359,2018-01-01 06:48:00,13715.09,13735.0,13715.0,13720.0,3.361282,0.00035799983813444847,17
360,2018-01-01 06:49:00,13720.82,13735.0,13716.01,13722.0,2.906745,0.00014577259475223592,17
361,2018-01-01 06:50:00,13723.01,13735.0,13723.01,13728.44,0.8051699999999999,0.00046931934120397756,17
362,2018-01-01 06:51:00,13734.99,13773.9,13734.99,13773.9,5.764576,0.0033113740526964364,17
363,2018-01-01 06:52:00,13750.1,13780.0,13750.1,13780.0,1.828339,0.00044286658099745857,17
364,2018-01-01 06:53:00,13762.7,13798.99,13756.0,13790.0,4.491878,0.0007256894049347817,17
365,2018-01-01 06:54:00,13788.61,13799.0,13750.22,13773.89,5.431136,-0.0011682378535170512,18
366,2018-01-01 06:55:00,13774.09,13778.45,13750.0,13766.01,4.829535,-0.0005720969167024581,18
367,2018-01-01 06:56:00,13766.01,13790.0,13760.0,13764.11,3.26675,-0.00013802111141858475,18
368,2018-01-01 06:57:00,13778.46,13800.0,13769.45,13780.01,6.257829,0.0011551782134842092,18
369,2018-01-01 06:58:00,13789.99,13799.99,13781.01,13799.98,2.071248,0.0014492006899848864,18
370,2018-01-01 06:59:00,13781.01,13799.98,13764.08,13780.41,4.800831,-0.0014181179972724278,18
371,2018-01-01 07:00:00,13780.0,13780.41,13738.98,13738.98,7.487047,-0.00300644175318443,18
372,2018-01-01 07:01:00,13738.98,13778.96,13738.98,13770.99,1.810878,0.0023298672827241074,18
373,2018-01-01 07:02:00,13770.97,13777.0,13740.05,13770.0,2.329432,-7.18902562560908e-05,18
374,2018-01-01 07:03:00,13770.0,13800.0,13750.98,13770.02,13.776962,1.4524328251219742e-06,18
375,2018-01-01 07:04:00,13796.99,13796.99,13752.14,13770.02,2.383614,0.0,18
376,2018-01-01 07:05:00,13770.02,13791.98,13752.14,13774.83,2.787765,0.00034930958705947646,18
377,2018-01-01 07:06:00,13790.0,13790.0,13756.64,13788.98,1.737672,0.0010272359078116189,18
378,2018-01-01 07:07:00,13765.05,13802.0,13765.05,13800.0,7.05053,0.0007991889175269495,18
379,2018-01-01 07:08:00,13800.0,13818.55,13788.0,13799.99,4.7790230000000005,-7.246376811931299e-07,18
380,2018-01-01 07:09:00,13799.98,13807.89,13773.74,13805.0,4.401023,0.0003630437413359999,18
381,2018-01-01 07:10:00,13805.0,13817.53,13780.0,13817.0,3.31936,0.0008692502716407535,18
382,2018-01-01 07:11:00,13801.46,13817.0,13785.1,13809.91,4.554681,-0.0005131359918940648,18
383,2018-01-01 07:12:00,13809.98,13812.78,13734.99,13735.19,8.59801,-0.005410607310257554,18
384,2018-01-01 07:13:00,13769.93,13769.93,13670.0,13725.08,11.517622,-0.000736065536770969,18
385,2018-01-01 07:14:00,13701.22,13777.11,13701.02,13775.0,7.5047,0.0036371372698738025,18
386,2018-01-01 07:15:00,13774.99,13774.99,13600.0,13739.95,9.477967,-0.00254446460980029,18
387,2018-01-01 07:16:00,13739.89,13761.89,13700.91,13748.87,7.490275,0.0006492017802102179,18
388,2018-01-01 07:17:00,13742.66,13742.66,13645.47,13709.92,4.3105459999999995,-0.00283296009053835,18
389,2018-01-01 07:18:00,13709.92,13742.58,13632.05,13653.47,6.032377,-0.004117456557004018,18
390,2018-01-01 07:19:00,13654.49,13681.62,13600.0,13681.62,5.3463,0.002061746940521525,19
391,2018-01-01 07:20:00,13681.62,13681.62,13640.21,13645.01,6.802935,-0.002675852713348359,19
392,2018-01-01 07:21:00,13646.86,13669.97,13605.09,13642.52,2.606107,-0.00018248429279277278,19
393,2018-01-01 07:22:00,13665.0,13667.96,13613.32,13613.32,2.972051,-0.002140367028965362,19
394,2018-01-01 07:23:00,13640.98,13667.84,13614.63,13626.05,2.59209,0.0009351135505519803,19
395,2018-01-01 07:24:00,13649.92,13700.0,13649.92,13669.36,3.461046,0.0031784706499684567,19
396,2018-01-01 07:25:00,13674.92,13709.97,13669.36,13709.96,2.547005,0.0029701463711540033,19
397,2018-01-01 07:26:00,13683.29,13775.99,13683.29,13720.0,7.202351,0.0007323143174744473,19
398,2018-01-01 07:27:00,13720.0,13721.9,13708.0,13719.98,4.567896,-1.457725947506816e-06,19
399,2018-01-01 07:28:00,13719.29,13721.86,13631.97,13677.45,8.076306,-0.0030998587461497085,19
400,2018-01-01 07:29:00,13699.99,13699.99,13678.58,13698.0,0.968068,0.0015024730487041005,19
401,2018-01-01 07:30:00,13698.0,13747.27,13690.0,13747.25,8.063048,0.0035954153891077922,19
402,2018-01-01 07:31:00,13744.98,13775.0,13731.82,13772.8,10.966482,0.00185855352888753,19
403,2018-01-01 07:32:00,13752.14,13773.67,13726.12,13754.03,2.65481,-0.001362831087360461,20
404,2018-01-01 07:33:00,13749.99,13749.99,13720.0,13729.02,7.064267,-0.0018183761413927968,20
405,2018-01-01 07:34:00,13745.76,13745.99,13725.02,13744.0,0.670091,0.0010911193952662934,20
406,2018-01-01 07:35:00,13721.28,13744.0,13700.0,13700.0,11.656556,-0.003201396973224635,20
407,2018-01-01 07:36:00,13680.42,13700.0,13680.01,13688.0,4.894304,-0.0008759124087591719,20
408,2018-01-01 07:37:00,13699.98,13699.98,13681.01,13687.95,2.0516970000000003,-3.652834599576771e-06,20
409,2018-01-01 07:38:00,13681.02,13687.95,13680.0,13680.0,5.124222,-0.000580802822920945,20
410,2018-01-01 07:39:00,13680.01,13680.02,13650.0,13660.43,7.705296000000001,-0.0014305555555554905,20
411,2018-01-01 07:40:00,13678.87,13679.0,13650.01,13670.0,1.464138,0.0007005635986567782,20
412,2018-01-01 07:41:00,13670.0,13673.7,13650.0,13669.99,4.301644,-7.315288954590216e-07,20
413,2018-01-01 07:42:00,13650.01,13669.0,13650.0,13659.98,4.114688,-0.0007322609599568208,20
414,2018-01-01 07:43:00,13644.0,13645.0,13627.77,13630.0,3.413548,-0.0021947323495349336,20
415,2018-01-01 07:44:00,13622.87,13644.95,13590.0,13644.95,15.631863,0.001096845194424212,21
416,2018-01-01 07:45:00,13644.97,13659.97,13602.05,13629.0,2.88255,-0.0011689306300133318,21
417,2018-01-01 07:46:00,13629.0,13635.0,13614.05,13614.5,1.405148,-0.001063907843568912,21
418,2018-01-01 07:47:00,13629.97,13629.97,13561.45,13609.8,7.570503,-0.00034522016967208913,21
419,2018-01-01 07:48:00,13609.77,13609.77,13556.0,13575.1,2.104244,-0.002549633352437186,21
420,2018-01-01 07:49:00,13598.75,13598.75,13555.98,13580.01,2.666074,0.0003616916265809511,21
421,2018-01-01 07:50:00,13595.86,13650.0,13580.01,13629.94,5.952959,0.003676727778550992,21
422,2018-01-01 07:51:00,13619.92,13629.86,13597.48,13615.96,2.5547690000000003,-0.0010256831651497267,21
423,2018-01-01 07:52:00,13609.09,13629.85,13600.0,13629.85,1.772837,0.0010201263810998284,21
424,2018-01-01 07:53:00,13629.85,13629.85,13601.13,13611.0,1.6142,-0.0013829939434403249,21
425,2018-01-01 07:54:00,13611.0,13628.0,13610.0,13610.99,1.737739,-7.346998751600609e-07,21
426,2018-01-01 07:55:00,13610.0,13610.99,13608.05,13609.89,2.1236420000000003,-8.081704563744907e-05,21
427,2018-01-01 07:56:00,13607.22,13609.9,13601.0,13608.99,1.093994,-6.612838164010704e-05,21
428,2018-01-01 07:57:00,13601.06,13609.0,13578.05,13599.97,2.483943,-0.000662797165697171,21
429,2018-01-01 07:58:00,13599.96,13599.98,13570.0,13585.23,1.731876,-0.0010838259202041733,21
430,2018-01-01 07:59:00,13590.76,13600.0,13555.02,13570.35,6.226006,-0.0010953071828743166,21
431,2018-01-01 08:00:00,13569.98,13569.98,13539.84,13550.0,5.504048,-0.0014995928623801058,21
432,2018-01-01 08:01:00,13550.0,13550.0,13520.29,13540.62,2.841135,-0.00069225092250913,21
433,2018-01-01 08:02:00,13540.61,13549.97,13520.39,13525.38,2.228081,-0.0011255023772915873,21
434,2018-01-01 08:03:00,13532.46,13546.61,13520.21,13544.99,3.2549099999999997,0.001449866842927916,21
435,2018-01-01 08:04:00,13544.97,13545.0,13521.57,13544.99,1.35767,0.0,21
436,2018-01-01 08:05:00,13544.99,13590.76,13520.0,13590.75,8.744153,0.003378370895807281,21
437,2018-01-01 08:06:00,13590.73,13597.96,13555.5,13594.96,2.794933,0.000309769512352176,21
438,2018-01-01 08:07:00,13579.89,13594.92,13573.0,13593.15,2.907575,-0.0001331375745128316,21
439,2018-01-01 08:08:00,13593.15,13594.93,13574.14,13586.82,2.435419,-0.0004656757263769018,21
440,2018-01-01 08:09:00,13586.82,13599.98,13573.02,13573.08,4.916457,-0.0010112741612827714,21
441,2018-01-01 08:10:00,13599.97,13600.0,13573.08,13600.0,8.283338,0.001983337606497493,21
442,2018-01-01 08:11:00,13597.99,13626.87,13597.99,13600.01,4.549114,7.352941175930994e-07,21
443,2018-01-01 08:12:00,13609.44,13638.36,13609.41,13611.96,3.417405,0.0008786758245029613,21
444,2018-01-01 08:13:00,13611.96,13656.21,13609.55,13636.06,2.467597,0.001770501823396442,21
445,2018-01-01 08:14:00,13656.2,13665.0,13636.06,13656.23,2.840232,0.0014791662694355612,21
446,2018-01-01 08:15:00,13656.23,13656.23,13610.27,13610.27,2.461202,-0.0033654969197208784,21
447,2018-01-01 08:16:00,13641.62,13641.62,13613.11,13641.0,1.228336,0.0022578538118640523,21
448,2018-01-01 08:17:00,13626.46,13681.01,13626.46,13681.01,11.44986,0.0029330694230629284,21
449,2018-01-01 08:18:00,13681.01,13695.0,13656.12,13695.0,3.993407,0.001022585320820557,22
450,2018-01-01 08:19:00,13695.0,13706.01,13678.92,13689.64,1.502207,-0.00039138371668501204,22
451,2018-01-01 08:20:00,13688.99,13735.24,13688.99,13710.0,5.797233,0.001487256056404762,22
452,2018-01-01 08:21:00,13710.0,13721.01,13699.0,13706.01,3.952173,-0.0002910284463895074,22
453,2018-01-01 08:22:00,13700.0,13706.0,13634.59,13682.0,3.035899,-0.0017517862601880152,22
454,2018-01-01 08:23:00,13650.05,13680.39,13650.0,13674.92,0.365397,-0.0005174682064025271,22
455,2018-01-01 08:24:00,13674.83,13683.0,13650.02,13673.0,1.522183,-0.00014040301515472198,22
456,2018-01-01 08:25:00,13652.01,13683.0,13652.01,13682.98,1.151475,0.000729905653477525,22
457,2018-01-01 08:26:00,13660.33,13685.0,13660.29,13685.0,3.897866,0.00014762865983874995,22
458,2018-01-01 08:27:00,13685.0,13685.0,13663.52,13684.98,7.954454999999999,-1.4614541469226694e-06,22
459,2018-01-01 08:28:00,13663.54,13685.0,13640.0,13669.96,7.772481,-0.0010975536683284215,22
460,2018-01-01 08:29:00,13666.99,13666.99,13612.96,13632.89,2.816339,-0.0027117855502137855,22
461,2018-01-01 08:30:00,13614.33,13649.96,13600.0,13600.02,9.047222,-0.0024110808493282843,22
462,2018-01-01 08:31:00,13606.38,13612.4,13575.05,13599.97,3.977892,-3.6764651817344784e-06,22
463,2018-01-01 08:32:00,13575.01,13599.88,13570.12,13597.97,0.615445,-0.00014705914792456642,22
464,2018-01-01 08:33:00,13571.55,13571.55,13502.95,13502.95,9.515662,-0.006987807738949137,22
465,2018-01-01 08:34:00,13502.95,13524.93,13450.77,13486.31,12.645871,-0.0012323233071293016,23
466,2018-01-01 08:35:00,13486.3,13500.0,13486.3,13499.98,1.644596,0.0010136204788411263,23
467,2018-01-01 08:36:00,13496.0,13499.97,13450.8,13486.24,6.827397,-0.0010177792855988743,23
468,2018-01-01 08:37:00,13484.5,13493.51,13450.8,13490.16,3.4288689999999997,0.00029066663502952395,23
469,2018-01-01 08:38:00,13462.29,13561.86,13462.29,13500.0,11.969534,0.0007294205554271294,23
470,2018-01-01 08:39:00,13500.0,13561.55,13491.31,13530.09,3.686135,0.002228888888888836,23
471,2018-01-01 08:40:00,13530.09,13530.09,13468.13,13480.0,8.554857,-0.003702118759003059,23
472,2018-01-01 08:41:00,13480.0,13489.21,13421.27,13468.11,6.817352,-0.0008820474777447851,23
473,2018-01-01 08:42:00,13437.0,13468.11,13414.98,13435.57,9.402722,-0.002416077682763307,23
474,2018-01-01 08:43:00,13426.19,13434.71,13400.0,13414.75,10.334307,-0.0015496179172151958,23
475,2018-01-01 08:44:00,13414.75,13434.71,13410.59,13434.71,6.29901,0.001487914422557246,23
476,2018-01-01 08:45:00,13415.0,13434.71,13414.76,13434.7,1.790599,-7.443405922735735e-07,23
477,2018-01-01 08:46:00,13434.7,13454.32,13420.01,13440.02,2.834453,0.00039598948990304805,23
478,2018-01-01 08:47:00,13468.74,13490.74,13440.03,13490.65,5.298404,0.003767107489423216,23
479,2018-01-01 08:48:00,13490.65,13499.98,13471.05,13472.03,0.983984,-0.0013802151860732303,23
480,2018-01-01 08:49:00,13499.98,13500.0,13432.85,13489.98,5.502225,0.0013323901446180564,23
481,2018-01-01 08:50:00,13489.98,13489.98,13435.88,13477.02,1.213402,-0.000960713062584162,23
482,2018-01-01 08:51:00,13443.64,13487.0,13441.89,13487.0,2.032726,0.0007405197884993164,23
483,2018-01-01 08:52:00,13487.0,13487.0,13470.24,13486.35,1.1525459999999998,-4.819455772220316e-05,23
484,2018-01-01 08:53:00,13476.99,13487.6,13470.24,13485.98,2.0566,-2.743514738978714e-05,23
485,2018-01-01 08:54:00,13486.0,13486.0,13470.24,13484.99,1.645354,-7.340957053170172e-05,23
486,2018-01-01 08:55:00,13484.96,13485.98,13440.0,13484.7,9.648043,-2.150539229162085e-05,23
487,2018-01-01 08:56:00,13440.11,13484.7,13440.11,13460.7,0.668671,-0.0017797948786402173,23
488,2018-01-01 08:57:00,13460.7,13499.99,13441.55,13484.79,5.656463,0.0017896543270410348,23
489,2018-01-01 08:58:00,13484.79,13500.0,13484.79,13500.0,0.311534,0.0011279374762231953,23
490,2018-01-01 08:59:00,13500.0,13508.69,13491.0,13499.99,8.809098,-7.407407407455935e-07,23
491,2018-01-01 09:00:00,13499.97,13533.62,13484.79,13490.7,17.322424,-0.0006881486578877993,23
492,2018-01-01 09:01:00,13507.94,13507.94,13459.11,13500.0,3.330219,0.0006893637839400224,23
493,2018-01-01 09:02:00,13500.0,13500.0,13481.94,13490.0,1.30455,-0.0007407407407407085,23
494,2018-01-01 09:03:00,13490.0,13550.0,13490.0,13550.0,6.2132879999999995,0.004447739065974732,23
495,2018-01-01 09:04:00,13550.0,13566.73,13522.17,13564.98,3.837976,0.0011055350553506038,24
496,2018-01-01 09:05:00,13534.59,13568.98,13533.0,13568.98,1.508384,0.00029487695521845936,24
497,2018-01-01 09:06:00,13568.98,13568.98,13533.0,13558.99,5.087247,-0.0007362380960102,24
498,2018-01-01 09:07:00,13540.0,13559.0,13533.08,13559.0,1.201835,7.375180599566988e-07,24
499,2018-01-01 09:08:00,13533.1,13559.0,13530.05,13559.0,2.008314,0.0,24
500,2018-01-01 09:09:00,13559.0,13559.0,13530.23,13550.0,1.795103,-0.000663765764436941,24
501,2018-01-01 09:10:00,13550.0,13591.95,13549.98,13568.67,3.413284,0.0013778597785978342,24
502,2018-01-01 09:11:00,13568.67,13593.15,13553.36,13584.22,1.059215,0.001146022417819914,24
503,2018-01-01 09:12:00,13578.76,13599.98,13578.01,13593.15,2.369287,0.0006573804016720697,24
504,2018-01-01 09:13:00,13593.15,13599.98,13541.82,13589.93,3.217157,-0.00023688401878885212,24
505,2018-01-01 09:14:00,13588.17,13590.0,13556.8,13589.83,2.158972,-7.358389631173523e-06,24
506,2018-01-01 09:15:00,13556.88,13589.81,13556.86,13588.98,1.058921,-6.254677210826287e-05,24
507,2018-01-01 09:16:00,13588.98,13589.89,13572.71,13587.99,2.849305,-7.285315012606208e-05,24
508,2018-01-01 09:17:00,13587.99,13650.0,13580.0,13639.53,12.879431,0.003793055485027619,24
509,2018-01-01 09:18:00,13630.91,13630.91,13600.0,13605.55,7.619521,-0.0024912881895491346,24
510,2018-01-01 09:19:00,13627.67,13630.0,13588.0,13588.0,2.13674,-0.0012899147774253494,24
511,2018-01-01 09:20:00,13605.55,13629.88,13572.85,13599.99,1.418385,0.0008823962319692846,24
512,2018-01-01 09:21:00,13577.03,13624.99,13577.02,13622.98,1.956008,0.00169044241944305,24
513,2018-01-01 09:22:00,13603.0,13619.92,13600.01,13603.0,2.287965,-0.0014666394577397268,24
514,2018-01-01 09:23:00,13603.0,13615.0,13600.0,13610.0,2.126574,0.00051459236933038,24
515,2018-01-01 09:24:00,13600.05,13610.0,13571.8,13607.97,2.362809,-0.0001491550330640079,24
516,2018-01-01 09:25:00,13607.97,13607.97,13556.74,13598.11,8.771793,-0.0007245753775176889,24
517,2018-01-01 09:26:00,13559.48,13598.13,13559.48,13580.74,2.296919,-0.001277383401075638,24
518,2018-01-01 09:27:00,13580.59,13580.59,13562.01,13580.0,2.926761,-5.448893064741167e-05,24
519,2018-01-01 09:28:00,13580.0,13580.0,13541.82,13542.0,2.976912,-0.0027982326951399017,24
520,2018-01-01 09:29:00,13542.0,13559.78,13531.19,13549.77,1.912343,0.0005737704918034048,24
521,2018-01-01 09:30:00,13531.82,13549.7,13510.01,13544.98,1.901121,-0.0003535115356202434,24
522,2018-01-01 09:31:00,13515.5,13558.86,13515.5,13558.78,2.961916,0.0010188276394649254,24
523,2018-01-01 09:32:00,13531.39,13558.68,13510.27,13538.98,6.599437,-0.001460308375827446,24
524,2018-01-01 09:33:00,13538.98,13559.0,13530.0,13548.5,2.457982,0.0007031548905456209,24
525,2018-01-01 09:34:00,13543.24,13548.5,13543.24,13548.5,0.8531930000000001,0.0,24
526,2018-01-01 09:35:00,13548.5,13590.0,13543.24,13579.99,6.97936,0.002324242536074106,24
527,2018-01-01 09:36:00,13579.99,13610.0,13562.67,13584.98,4.3493059999999995,0.00036745240607682916,24
528,2018-01-01 09:37:00,13583.25,13600.0,13556.86,13600.0,0.34258,0.0011056328386203074,24
529,2018-01-01 09:38:00,13600.0,13600.0,13558.27,13600.0,0.584592,0.0,24
530,2018-01-01 09:39:00,13599.99,13599.99,13559.94,13580.0,0.566484,-0.0014705882352941124,24
531,2018-01-01 09:40:00,13580.0,13600.0,13561.0,13599.86,3.721112,0.0014624447717230815,24
532,2018-01-01 09:41:00,13565.1,13599.86,13565.0,13582.83,1.843851,-0.001252218772840319,24
533,2018-01-01 09:42:00,13582.83,13599.0,13569.75,13598.32,1.6088489999999998,0.0011404103563101842,24
534,2018-01-01 09:43:00,13598.32,13599.71,13578.84,13596.99,0.84982,-9.780619958932313e-05,24
535,2018-01-01 09:44:00,13580.0,13609.45,13580.0,13599.99,14.517594,0.0002206370674686653,24
536,2018-01-01 09:45:00,13599.99,13609.68,13579.0,13582.0,1.043729,-0.0013227950902905405,24
537,2018-01-01 09:46:00,13580.0,13581.94,13571.33,13578.89,0.540145,-0.00022897953173317553,24
538,2018-01-01 09:47:00,13578.74,13578.75,13578.68,13578.74,2.048376,-1.1046558297422848e-05,24
539,2018-01-01 09:48:00,13578.72,13603.39,13578.71,13580.84,0.557284,0.00015465352455379389,24
540,2018-01-01 09:49:00,13602.26,13603.43,13578.74,13591.75,6.518659,0.0008033376433269623,24
541,2018-01-01 09:50:00,13578.74,13591.74,13578.71,13591.0,0.943838,-5.518053230824105e-05,24
542,2018-01-01 09:51:00,13578.71,13591.75,13575.0,13575.0,2.401739,-0.0011772496505040309,24
543,2018-01-01 09:52:00,13575.0,13591.75,13571.36,13591.75,5.115261,0.0012338858195211078,24
544,2018-01-01 09:53:00,13598.93,13653.25,13578.72,13634.45,10.01373,0.0031416116394136218,24
545,2018-01-01 09:54:00,13634.45,13670.0,13634.45,13636.0,7.686391,0.00011368262012756425,24
546,2018-01-01 09:55:00,13652.99,13669.99,13637.13,13645.02,1.709468,0.000661484306248239,24
547,2018-01-01 09:56:00,13669.0,13669.0,13602.68,13641.85,6.4046520000000005,-0.00023231919044452987,24
548,2018-01-01 09:57:00,13641.85,13641.85,13591.14,13631.98,4.755782,-0.0007235089082493484,24
549,2018-01-01 09:58:00,13631.98,13634.94,13631.98,13632.0,1.050545,1.4671383028463936e-06,24
550,2018-01-01 09:59:00,13634.93,13634.94,13616.03,13616.99,0.761391,-0.0011010856807511793,24
551,2018-01-01 10:00:00,13632.0,13657.92,13616.03,13617.01,4.367777,1.4687533735902036e-06,24
552,2018-01-01 10:01:00,13654.77,13654.77,13611.3,13611.3,0.942275,-0.00041932847225645276,24
553,2018-01-01 10:02:00,13616.99,13616.99,13578.77,13578.77,3.254773,-0.0023899260173531056,24
554,2018-01-01 10:03:00,13609.27,13609.27,13565.0,13599.94,5.490124,0.0015590513721051025,24
555,2018-01-01 10:04:00,13599.94,13599.94,13565.0,13574.81,0.94957,-0.0018478022697159258,24
556,2018-01-01 10:05:00,13574.81,13607.94,13567.22,13580.32,2.976556,0.0004058988670927466,24
557,2018-01-01 10:06:00,13592.62,13624.8,13581.01,13584.83,2.376046,0.0003320982127077432,24
558,2018-01-01 10:07:00,13584.83,13604.66,13556.9,13585.84,2.498937,7.434763629721175e-05,24
559,2018-01-01 10:08:00,13585.84,13604.56,13559.95,13567.21,1.377142,-0.00137128068636172,24
560,2018-01-01 10:09:00,13567.22,13604.56,13567.22,13585.98,5.265334,0.0013834826762466612,24
561,2018-01-01 10:10:00,13585.97,13604.57,13550.0,13570.95,8.078441,-0.0011062875110958714,24
562,2018-01-01 10:11:00,13570.95,13570.95,13540.33,13556.88,4.519669,-0.0010367734020095831,24
563,2018-01-01 10:12:00,13556.88,13603.77,13541.08,13557.3,3.081812,3.0980579602379876e-05,24
564,2018-01-01 10:13:00,13581.69,13582.99,13555.91,13555.91,1.813542,-0.00010252778945651908,24
565,2018-01-01 10:14:00,13560.98,13564.37,13550.0,13550.0,3.440286,-0.0004359722069562366,24
566,2018-01-01 10:15:00,13550.0,13560.98,13530.0,13559.0,3.332126,0.0006642066420663451,24
567,2018-01-01 10:16:00,13558.99,13559.99,13530.01,13530.01,2.29644,-0.0021380632790028997,24
568,2018-01-01 10:17:00,13530.01,13548.0,13510.27,13547.0,6.04538,0.0012557270837199042,24
569,2018-01-01 10:18:00,13547.0,13560.98,13531.82,13560.98,6.2410499999999995,0.0010319627961909994,24
570,2018-01-01 10:19:00,13560.98,13560.98,13531.84,13549.98,1.973069,-0.0008111508165339343,24
571,2018-01-01 10:20:00,13549.98,13549.98,13500.0,13500.0,5.891013,-0.003688566329987153,24
572,2018-01-01 10:21:00,13500.0,13528.56,13497.98,13513.48,5.845579,0.0009985185185183987,25
573,2018-01-01 10:22:00,13513.6,13523.05,13513.48,13523.05,1.261831,0.0007081817562908377,25
574,2018-01-01 10:23:00,13523.05,13537.9,13513.48,13513.6,1.758584,-0.0006988068520044077,25
575,2018-01-01 10:24:00,13513.6,13514.52,13498.98,13509.99,2.183888,-0.00026713829031499436,25
576,2018-01-01 10:25:00,13509.99,13517.53,13500.0,13517.52,1.117212,0.000557365327435555,25
577,2018-01-01 10:26:00,13517.53,13558.73,13500.11,13537.51,4.933004,0.0014788215589842668,25
578,2018-01-01 10:27:00,13537.51,13560.98,13518.76,13525.0,2.203206,-0.0009240990403700522,25
579,2018-01-01 10:28:00,13550.0,13550.0,13525.02,13531.01,0.713481,0.0004443622920518031,25
580,2018-01-01 10:29:00,13549.98,13560.0,13531.03,13549.03,1.7248290000000002,0.0013317557225958065,25
581,2018-01-01 10:30:00,13548.35,13559.99,13532.0,13540.98,3.975017,-0.0005941384733815225,25
582,2018-01-01 10:31:00,13559.0,13559.0,13515.12,13531.0,2.811414,-0.0007370219880687978,25
583,2018-01-01 10:32:00,13531.0,13549.8,13526.36,13526.36,1.859917,-0.0003429162663513008,25
584,2018-01-01 10:33:00,13549.78,13550.01,13522.02,13549.78,7.934668,0.001731434029554224,25
585,2018-01-01 10:34:00,13557.96,13560.0,13522.15,13560.0,2.030685,0.0007542557886548451,25
586,2018-01-01 10:35:00,13560.0,13560.0,13522.65,13559.98,0.202158,-1.4749262536861707e-06,25
587,2018-01-01 10:36:00,13559.98,13559.98,13540.98,13559.81,0.605104,-1.2536891647374482e-05,25
588,2018-01-01 10:37:00,13558.0,13559.81,13530.33,13540.0,1.343021,-0.0014609349246044179,25
589,2018-01-01 10:38:00,13539.98,13550.97,13530.61,13550.96,2.565919,0.0008094534711964307,25
590,2018-01-01 10:39:00,13555.0,13576.93,13545.95,13546.06,1.981953,-0.0003615979974850303,25
591,2018-01-01 10:40:00,13574.99,13574.99,13530.58,13555.85,2.449738,0.000722719373751568,25
592,2018-01-01 10:41:00,13555.85,13569.93,13553.13,13568.07,2.651476,0.0009014558290332264,25
593,2018-01-01 10:42:00,13568.97,13595.0,13559.0,13577.02,5.197712,0.000659636926991114,25
594,2018-01-01 10:43:00,13577.01,13603.77,13577.01,13582.96,3.943826,0.0004375039588950802,25
595,2018-01-01 10:44:00,13590.93,13590.93,13572.49,13586.51,4.447198,0.0002613568765572616,25
596,2018-01-01 10:45:00,13585.91,13586.51,13545.95,13545.99,1.132678,-0.0029823700126081487,25
597,2018-01-01 10:46:00,13568.93,13568.93,13545.95,13568.86,0.541174,0.0016883225220158948,25
598,2018-01-01 10:47:00,13568.93,13590.88,13568.02,13568.05,1.017161,-5.969550868689666e-05,25
599,2018-01-01 10:48:00,13587.57,13587.58,13560.04,13560.05,3.476157,-0.000589620468674612,25
600,2018-01-01 10:49:00,13568.02,13568.02,13545.95,13550.0,1.099735,-0.0007411477096322949,25
601,2018-01-01 10:50:00,13550.0,13568.0,13535.0,13535.0,2.496378,-0.0011070110701106861,25
602,2018-01-01 10:51:00,13535.0,13535.0,13515.14,13533.19,1.286439,-0.0001337273734761668,25
603,2018-01-01 10:52:00,13533.19,13550.0,13530.0,13530.0,4.4174880000000005,-0.00023571678222211734,25
604,2018-01-01 10:53:00,13550.0,13550.0,13534.54,13549.99,0.22367,0.0014774575018476899,25
605,2018-01-01 10:54:00,13549.99,13574.4,13535.46,13556.53,3.388207,0.0004826571827729609,25
606,2018-01-01 10:55:00,13556.53,13580.0,13555.63,13576.0,2.141055,0.0014362082332277648,25
607,2018-01-01 10:56:00,13576.0,13579.99,13552.0,13568.16,1.632164,-0.0005774896876841185,25
608,2018-01-01 10:57:00,13568.16,13577.64,13552.01,13552.01,0.762918,-0.0011902866711477333,25
609,2018-01-01 10:58:00,13552.01,13589.89,13552.01,13568.16,3.343336,0.0011917051418941504,25
610,2018-01-01 10:59:00,13573.12,13573.12,13568.16,13570.01,0.600854,0.00013634862796441105,25
611,2018-01-01 11:00:00,13573.0,13589.89,13553.34,13572.98,2.234216,0.00021886498241330266,25
612,2018-01-01 11:01:00,13553.36,13572.98,13524.0,13524.0,3.957527,-0.0036086401070360985,25
613,2018-01-01 11:02:00,13549.71,13549.71,13524.01,13525.06,1.967351,7.837917775810332e-05,25
614,2018-01-01 11:03:00,13525.12,13541.42,13471.19,13471.19,15.492146,-0.003982976785315451,25
615,2018-01-01 11:04:00,13479.1,13479.99,13400.0,13412.0,6.937566,-0.004393821184320079,25
616,2018-01-01 11:05:00,13412.0,13439.96,13333.0,13349.96,8.860596,-0.004625708320906696,26
617,2018-01-01 11:06:00,13349.96,13349.96,13269.97,13269.97,9.476497,-0.005991778252519064,26
618,2018-01-01 11:07:00,13280.36,13402.82,13260.09,13361.44,27.201219,0.006893007293912623,27
619,2018-01-01 11:08:00,13361.44,13361.44,13240.87,13240.9,15.010377,-0.009021482714438034,27
620,2018-01-01 11:09:00,13240.9,13307.28,13235.0,13275.61,10.19413,0.0026214230150518603,27
621,2018-01-01 11:10:00,13275.61,13307.31,13226.1,13227.17,23.3556,-0.0036487965524748533,27
622,2018-01-01 11:11:00,13227.17,13246.44,13150.99,13167.1,46.647361,-0.004541409840502553,28
623,2018-01-01 11:12:00,13201.31,13218.12,13150.0,13202.49,13.609744,0.002687759643353438,28
624,2018-01-01 11:13:00,13202.49,13246.47,13199.91,13225.34,13.089268,0.001730734126668576,28
625,2018-01-01 11:14:00,13225.34,13270.58,13202.5,13251.76,16.286583,0.0019976802108678804,28
626,2018-01-01 11:15:00,13251.76,13270.58,13190.03,13218.27,23.933955,-0.002527211479833591,28
627,2018-01-01 11:16:00,13190.01,13218.27,13167.75,13207.54,10.988787,-0.0008117552448240195,28
628,2018-01-01 11:17:00,13199.61,13207.54,13150.0,13154.52,7.324734,-0.004014373607802879,28
629,2018-01-01 11:18:00,13154.52,13160.0,13103.0,13107.88,23.025895,-0.003545549362500622,28
630,2018-01-01 11:19:00,13107.88,13151.7,13070.0,13151.7,24.575306,0.0033430272477319445,29
631,2018-01-01 11:20:00,13136.8,13173.01,13120.05,13163.66,10.228347,0.0009093881399362402,29
632,2018-01-01 11:21:00,13172.99,13200.0,13121.0,13151.66,21.007067,-0.0009116005730929189,29
633,2018-01-01 11:22:00,13173.07,13176.76,13121.02,13147.0,5.039375,-0.00035432789472966686,29
634,2018-01-01 11:23:00,13147.0,13149.0,13131.38,13145.08,4.292437,-0.00014604092188330586,29
635,2018-01-01 11:24:00,13132.01,13145.08,13123.87,13123.87,6.0138750000000005,-0.0016135314505502096,29
636,2018-01-01 11:25:00,13128.22,13167.57,13123.87,13157.47,6.447937,0.0025602204227868075,29
637,2018-01-01 11:26:00,13155.05,13167.57,13129.13,13142.57,7.967849,-0.0011324365550520188,29
638,2018-01-01 11:27:00,13142.57,13216.99,13142.57,13150.0,7.821332,0.0005653384383723647,29
639,2018-01-01 11:28:00,13150.02,13170.0,13120.08,13159.98,7.573668,0.0007589353612167393,29
640,2018-01-01 11:29:00,13159.98,13169.95,13023.8,13079.98,22.193173,-0.006079036594280551,29
641,2018-01-01 11:30:00,13050.02,13079.99,13001.13,13079.9,15.935003,-6.116217303064886e-06,29
642,2018-01-01 11:31:00,13077.27,13159.37,13041.03,13154.37,13.426138,0.0056934686045000404,29
643,2018-01-01 11:32:00,13095.02,13143.19,13070.95,13120.98,13.953483,-0.0025383199651524135,29
644,2018-01-01 11:33:00,13120.98,13170.1,13101.03,13159.34,15.727081,0.00292356211197653,29
645,2018-01-01 11:34:00,13159.34,13170.1,13111.98,13130.04,9.807781,-0.0022265554351509342,29
646,2018-01-01 11:35:00,13130.07,13160.03,13123.43,13130.0,11.571983,-3.0464492112303176e-06,29
647,2018-01-01 11:36:00,13149.16,13200.0,13147.98,13188.14,15.60924,0.004428027418126312,29
648,2018-01-01 11:37:00,13188.14,13225.32,13183.64,13222.93,14.249271,0.002637976242290563,29
649,2018-01-01 11:38:00,13200.02,13225.24,13191.08,13200.0,5.5984490000000005,-0.0017341088548453731,30
650,2018-01-01 11:39:00,13200.02,13219.12,13141.58,13152.03,9.956196,-0.003634090909090837,30
651,2018-01-01 11:40:00,13165.67,13173.85,13145.0,13156.23,8.9198,0.00031934233726649275,30
652,2018-01-01 11:41:00,13151.98,13173.76,13147.22,13173.76,4.7788,0.0013324485813945852,30
653,2018-01-01 11:42:00,13173.76,13192.0,13100.0,13173.76,15.452843,0.0,30
654,2018-01-01 11:43:00,13164.71,13174.64,13120.0,13120.0,8.396116,-0.004080839486980237,30
655,2018-01-01 11:44:00,13130.58,13145.48,13103.76,13132.0,1.47631,0.0009146341463415197,30
656,2018-01-01 11:45:00,13132.83,13138.0,13100.0,13103.76,12.688061,-0.002150472129150205,30
657,2018-01-01 11:46:00,13105.1,13138.0,13105.1,13125.98,3.325571,0.0016956965023779969,30
658,2018-01-01 11:47:00,13138.0,13138.0,13125.98,13130.69,1.570958,0.0003588303501911305,30
659,2018-01-01 11:48:00,13130.71,13145.0,13130.71,13141.31,4.816469,0.0008087922264556902,30
660,2018-01-01 11:49:00,13135.0,13148.54,13102.01,13102.01,12.466467,-0.002990569433336532,30
661,2018-01-01 11:50:00,13135.03,13173.75,13135.03,13158.03,5.194212,0.00427567983843713,30
662,2018-01-01 11:51:00,13158.03,13169.89,13132.17,13169.89,4.188281,0.0009013507341144589,30
663,2018-01-01 11:52:00,13169.89,13187.85,13137.05,13161.16,15.621461,-0.0006628756960004312,30
664,2018-01-01 11:53:00,13161.16,13190.4,13158.62,13188.0,3.551173,0.002039333918894659,30
665,2018-01-01 11:54:00,13188.0,13199.95,13180.0,13199.01,7.281716,0.0008348498635122326,30
666,2018-01-01 11:55:00,13199.95,13209.01,13191.21,13206.0,7.1439900000000005,0.0005295851734334889,30
667,2018-01-01 11:56:00,13205.31,13210.0,13191.0,13191.0,7.256822,-0.0011358473421172466,30
668,2018-01-01 11:57:00,13200.0,13200.76,13191.0,13200.76,2.451337,0.0007398984155864152,30
669,2018-01-01 11:58:00,13199.0,13200.76,13191.0,13200.0,1.694641,-5.757244279880336e-05,30
670,2018-01-01 11:59:00,13199.0,13222.86,13192.04,13220.56,8.470782,0.0015575757575756466,30
671,2018-01-01 12:00:00,13220.56,13250.0,13220.56,13228.95,6.322763,0.0006346175956237765,30
672,2018-01-01 12:01:00,13228.95,13267.62,13228.95,13249.01,8.546537,0.001516371291750307,30
673,2018-01-01 12:02:00,13259.64,13267.7,13249.02,13257.0,2.482834,0.0006030639270404592,31
674,2018-01-01 12:03:00,13257.01,13276.99,13257.0,13260.01,2.057587,0.00022704986045107844,31
675,2018-01-01 12:04:00,13277.0,13277.0,13258.0,13258.0,3.350577,-0.00015158359609079852,31
676,2018-01-01 12:05:00,13258.0,13276.99,13258.0,13260.68,3.660083,0.00020214210288127532,31
677,2018-01-01 12:06:00,13260.68,13285.89,13259.8,13277.0,5.521551,0.0012307061176348721,31
678,2018-01-01 12:07:00,13281.79,13282.99,13260.7,13270.01,10.275476,-0.0005264743541462114,31
679,2018-01-01 12:08:00,13282.99,13290.0,13257.0,13280.0,6.503909,0.0007528253558211073,31
680,2018-01-01 12:09:00,13285.0,13299.99,13280.0,13295.4,1.101147,0.0011596385542167464,31
681,2018-01-01 12:10:00,13295.4,13295.4,13275.02,13290.0,2.208028,-0.00040615551243283754,31
682,2018-01-01 12:11:00,13290.0,13300.0,13270.03,13300.0,1.630448,0.0007524454477050302,31
683,2018-01-01 12:12:00,13300.0,13300.0,13265.02,13265.02,3.713735,-0.0026300751879698714,31
684,2018-01-01 12:13:00,13257.01,13270.11,13243.35,13243.35,7.861738,-0.0016336198513081657,31
685,2018-01-01 12:14:00,13229.68,13248.79,13191.01,13247.41,6.284505,0.00030656895725011957,31
686,2018-01-01 12:15:00,13247.38,13247.38,13165.86,13190.95,3.678276,-0.004261965169040538,31
687,2018-01-01 12:16:00,13189.98,13199.99,13165.86,13190.93,3.351121,-1.5161910249528177e-06,31
688,2018-01-01 12:17:00,13190.93,13190.93,13166.53,13168.24,1.657694,-0.001720121325789803,31
689,2018-01-01 12:18:00,13186.73,13190.93,13165.86,13168.15,1.842893,-6.8346263434326815e-06,31
690,2018-01-01 12:19:00,13168.15,13190.53,13165.92,13172.0,1.209471,0.00029237212516575184,31
691,2018-01-01 12:20:00,13189.5,13189.5,13172.0,13183.01,2.217426,0.000835863953841498,31
692,2018-01-01 12:21:00,13179.76,13179.76,13158.79,13158.81,5.219707,-0.0018356960967185199,31
693,2018-01-01 12:22:00,13158.81,13174.0,13150.51,13150.8,6.796754,-0.0006087176575997333,32
694,2018-01-01 12:23:00,13150.8,13158.81,13142.07,13142.09,3.715497,-0.0006623171213917534,32
695,2018-01-01 12:24:00,13142.09,13150.0,13125.0,13126.0,4.470308,-0.001224310592911837,32
696,2018-01-01 12:25:00,13126.0,13139.99,13056.23,13100.02,14.914214,-0.001979277769312726,32
697,2018-01-01 12:26:00,13100.0,13168.85,13100.0,13120.0,7.283192,0.0015251885111624564,32
698,2018-01-01 12:27:00,13120.0,13127.71,13100.02,13127.71,4.5623949999999995,0.0005876524390242555,32
699,2018-01-01 12:28:00,13120.46,13169.99,13120.46,13169.99,2.485775,0.0032206683420032967,32
700,2018-01-01 12:29:00,13135.93,13170.21,13135.91,13146.15,3.838036,-0.001810176013801068,32
701,2018-01-01 12:30:00,13146.81,13200.0,13146.28,13184.8,6.358325,0.0029400242656594244,32
702,2018-01-01 12:31:00,13184.81,13239.96,13184.81,13202.19,2.709713,0.0013189430253019996,32
703,2018-01-01 12:32:00,13202.17,13239.95,13189.62,13190.28,7.48167,-0.0009021230568564409,32
704,2018-01-01 12:33:00,13190.28,13225.99,13190.28,13200.05,4.269896,0.0007406969374417205,32
705,2018-01-01 12:34:00,13200.05,13226.0,13190.28,13199.37,4.434462,-5.151495638267001e-05,32
706,2018-01-01 12:35:00,13199.37,13200.0,13190.28,13190.28,3.574037,-0.000688669231940664,32
707,2018-01-01 12:36:00,13190.73,13245.55,13190.28,13200.0,1.982582,0.0007369062673423521,32
708,2018-01-01 12:37:00,13200.0,13200.0,13190.28,13193.82,1.772586,-0.00046818181818186755,32
709,2018-01-01 12:38:00,13193.82,13225.0,13169.64,13223.0,6.915765,0.00221164151094988,32
710,2018-01-01 12:39:00,13220.0,13220.0,13166.02,13170.02,2.105337,-0.0040066550707100745,32
711,2018-01-01 12:40:00,13197.97,13197.97,13150.0,13170.97,4.318243,7.213352751156421e-05,32
712,2018-01-01 12:41:00,13170.97,13195.0,13159.51,13159.54,3.760645,-0.000867817632262402,32
713,2018-01-01 12:42:00,13184.98,13222.87,13168.52,13219.97,4.009945,0.004592105803090218,32
714,2018-01-01 12:43:00,13219.97,13220.0,13197.01,13200.0,7.131792,-0.00151059344310156,32
715,2018-01-01 12:44:00,13199.83,13219.98,13199.83,13200.01,5.914214,7.5757575768165e-07,32
716,2018-01-01 12:45:00,13200.01,13219.98,13200.01,13219.97,2.102105,0.0015121200665757506,32
717,2018-01-01 12:46:00,13219.98,13219.98,13175.29,13199.97,3.411358,-0.00151286273720741,32
718,2018-01-01 12:47:00,13199.97,13199.99,13150.01,13150.01,2.777723,-0.0037848570867963227,32
719,2018-01-01 12:48:00,13150.01,13199.0,13150.01,13199.0,1.863391,0.0037254724521120774,32
720,2018-01-01 12:49:00,13199.0,13199.0,13170.0,13198.87,1.267701,-9.84923100233459e-06,32
721,2018-01-01 12:50:00,13198.87,13198.99,13198.85,13198.99,0.8263,9.091687394269243e-06,32
722,2018-01-01 12:51:00,13198.99,13225.0,13198.23,13199.09,8.230952,7.576337280434942e-06,32
723,2018-01-01 12:52:00,13210.73,13224.0,13174.05,13202.92,3.756969,0.00029017151940013974,32
724,2018-01-01 12:53:00,13175.03,13224.8,13175.03,13219.97,1.504341,0.001291380997536784,32
725,2018-01-01 12:54:00,13200.0,13220.0,13200.0,13218.9,4.220884,-8.093815644061308e-05,32
726,2018-01-01 12:55:00,13218.9,13218.9,13169.0,13169.0,9.283169,-0.0037748980626224338,32
727,2018-01-01 12:56:00,13168.98,13183.58,13117.72,13152.0,5.658456,-0.0012909104715620456,32
728,2018-01-01 12:57:00,13147.02,13181.73,13117.77,13151.98,2.133497,-1.5206812652435175e-06,32
729,2018-01-01 12:58:00,13150.98,13150.98,13117.73,13117.77,1.196234,-0.002601129259624746,32
730,2018-01-01 12:59:00,13117.77,13172.54,13117.77,13172.42,6.756739,0.004166104452204777,32
731,2018-01-01 13:00:00,13150.05,13200.41,13150.05,13188.88,4.260791,0.0012495805630248213,32
732,2018-01-01 13:01:00,13188.88,13188.88,13117.81,13166.59,7.684961,-0.001690060111245173,32
733,2018-01-01 13:02:00,13158.27,13158.27,13087.72,13105.88,11.419437,-0.004610912924303157,32
734,2018-01-01 13:03:00,13100.02,13105.88,13026.32,13026.32,7.846729,-0.006070557642828933,32
735,2018-01-01 13:04:00,13026.32,13036.71,12918.67,12927.81,22.989716,-0.007562381393977802,33
736,2018-01-01 13:05:00,12927.81,12950.0,12918.0,12932.24,11.372886,0.00034267211538541176,33
737,2018-01-01 13:06:00,12932.24,12940.0,12900.0,12920.0,21.930076,-0.0009464717635924158,33
738,2018-01-01 13:07:00,12920.0,12920.0,12829.99,12889.98,17.85171,-0.0023235294117647243,33
739,2018-01-01 13:08:00,12889.98,12916.82,12815.7,12897.73,9.97133,0.0006012422051857591,34
740,2018-01-01 13:09:00,12880.07,12938.27,12870.0,12925.0,13.037433,0.0021143255441073983,34
741,2018-01-01 13:10:00,12925.0,12964.1,12859.12,12949.98,9.956246,0.0019326885880077693,34
742,2018-01-01 13:11:00,12949.98,13000.0,12912.95,12950.0,24.272359,1.5444039296319545e-06,34
743,2018-01-01 13:12:00,12950.0,12989.06,12921.0,12932.29,4.955576,-0.001367567567567507,34
744,2018-01-01 13:13:00,12958.93,13006.0,12923.02,13006.0,10.543752,0.005699686598429121,34
745,2018-01-01 13:14:00,13000.02,13057.9,12976.72,13041.03,19.017693,0.002693372289712448,34
746,2018-01-01 13:15:00,13041.03,13041.05,12932.61,12970.0,8.537906,-0.0054466556706027625,35
747,2018-01-01 13:16:00,12970.0,12998.99,12945.69,12988.9,6.320797,0.0014572089437161484,35
748,2018-01-01 13:17:00,12988.9,13000.06,12988.9,12999.99,10.696706,0.0008538059419966881,35
749,2018-01-01 13:18:00,12999.99,13040.0,12988.92,13029.0,6.21329,0.0022315401781078936,35
750,2018-01-01 13:19:00,13029.0,13048.18,13002.35,13029.0,5.00016,0.0,35
751,2018-01-01 13:20:00,13029.0,13042.7,13015.41,13042.7,2.460136,0.0010515004988871368,35
752,2018-01-01 13:21:00,13033.9,13042.7,13028.0,13028.0,4.97666,-0.001127067248345881,35
753,2018-01-01 13:22:00,13042.18,13042.2,13028.0,13032.0,0.718395,0.000307031010132075,35
754,2018-01-01 13:23:00,13032.0,13043.98,13029.95,13042.7,1.581128,0.0008210558624923703,35
755,2018-01-01 13:24:00,13036.29,13042.7,13027.7,13040.0,7.275229,-0.0002070123517370348,35
756,2018-01-01 13:25:00,13040.0,13056.88,12991.0,12991.0,10.890314,-0.0037576687116563923,35
757,2018-01-01 13:26:00,13028.82,13040.0,12978.0,12999.99,12.880545,0.0006920175506119897,35
758,2018-01-01 13:27:00,12999.99,12999.99,12970.0,12970.0,1.044791,-0.0023069248514806517,35
759,2018-01-01 13:28:00,12970.0,13000.0,12947.27,12980.13,9.158325,0.0007810331534310322,35
760,2018-01-01 13:29:00,12997.96,13000.0,12975.0,12977.16,2.539167,-0.00022881126768370397,35
761,2018-01-01 13:30:00,12977.16,12990.15,12953.0,12970.0,2.861053,-0.0005517385930356999,35
762,2018-01-01 13:31:00,12970.0,12970.0,12948.29,12960.5,5.816541,-0.0007324595219737606,35
763,2018-01-01 13:32:00,12953.68,12970.0,12950.9,12969.98,2.96886,0.000731453261834103,35
764,2018-01-01 13:33:00,12969.0,12969.0,12950.0,12950.0,6.178419,-0.001540480401665989,35
765,2018-01-01 13:34:00,12950.0,12957.99,12921.72,12950.0,5.0917829999999995,0.0,35
766,2018-01-01 13:35:00,12950.0,12950.0,12930.28,12930.36,2.556799,-0.0015166023166022224,35
767,2018-01-01 13:36:00,12930.36,12960.0,12930.36,12944.29,7.889709,0.00107730952579832,35
768,2018-01-01 13:37:00,12949.0,12999.0,12944.29,12972.99,7.496507,0.0022171938360464605,35
769,2018-01-01 13:38:00,12984.46,13036.28,12975.01,13015.29,5.381122,0.0032606207204353144,35
770,2018-01-01 13:39:00,13015.29,13050.5,13000.86,13034.16,7.00992,0.0014498332346031262,35
771,2018-01-01 13:40:00,13042.68,13049.99,13016.03,13046.16,4.786382,0.0009206577178737518,35
772,2018-01-01 13:41:00,13047.03,13058.98,13047.03,13058.79,3.084753,0.0009681009584430189,35
773,2018-01-01 13:42:00,13056.0,13075.0,13056.0,13072.98,4.247932,0.00108662441160301,35
774,2018-01-01 13:43:00,13072.46,13104.79,13069.0,13072.59,10.4003,-2.9832524795381232e-05,36
775,2018-01-01 13:44:00,13072.59,13099.63,13072.56,13079.97,3.53302,0.0005645400031668579,36
776,2018-01-01 13:45:00,13072.61,13083.03,13050.0,13054.99,3.773604,-0.0019097903129746685,36
777,2018-01-01 13:46:00,13054.99,13073.88,13039.66,13039.75,4.452195,-0.001167369718398814,36
778,2018-01-01 13:47:00,13051.69,13071.76,13039.66,13039.66,3.935025,-6.901972813944113e-06,36
779,2018-01-01 13:48:00,13055.55,13055.55,12986.37,12990.0,11.407158,-0.0038083815068797877,36
780,2018-01-01 13:49:00,13000.0,13000.0,12955.05,12980.07,2.169234,-0.0007644341801386068,36
781,2018-01-01 13:50:00,12978.0,12980.07,12955.01,12977.99,3.709807,-0.0001602456689370202,36
782,2018-01-01 13:51:00,12977.59,13001.76,12976.49,12996.18,6.753671,0.0014016037922668367,36
783,2018-01-01 13:52:00,12996.18,13000.0,12961.0,12971.47,6.2254000000000005,-0.0019013279286683726,36
784,2018-01-01 13:53:00,12970.01,12980.18,12943.49,12954.98,8.787332,-0.0012712514464435776,36
785,2018-01-01 13:54:00,12943.49,12993.01,12930.38,12968.51,8.724425,0.0010443860198936505,36
786,2018-01-01 13:55:00,12968.53,12999.69,12933.96,12999.69,9.19249,0.002404285457620059,36
787,2018-01-01 13:56:00,12990.51,12999.69,12969.58,12999.0,1.519416,-5.307818878763637e-05,36
788,2018-01-01 13:57:00,12970.12,12998.99,12969.9,12979.98,3.496538,-0.0014631894761135689,36
789,2018-01-01 13:58:00,12979.98,12995.0,12974.01,12993.99,2.152455,0.0010793545136433824,36
790,2018-01-01 13:59:00,12980.0,13017.02,12979.99,13017.0,8.895032,0.0017708186630895906,36
791,2018-01-01 14:00:00,12999.71,13035.32,12999.7,13020.0,4.499574,0.00023046784973490553,36
792,2018-01-01 14:01:00,13010.22,13020.0,12983.14,13000.0,8.944419,-0.001536098310291889,36
793,2018-01-01 14:02:00,13000.0,13021.14,12972.11,13016.93,13.869798,0.0013023076923077692,36
794,2018-01-01 14:03:00,13016.91,13016.93,12920.0,12958.13,9.615433,-0.004517194146392511,36
795,2018-01-01 14:04:00,12920.01,12958.21,12902.21,12902.21,10.716647,-0.004315437489822993,36
796,2018-01-01 14:05:00,12902.21,12902.91,12816.01,12830.61,18.887676,-0.005549436879418224,37
797,2018-01-01 14:06:00,12830.61,12899.99,12826.32,12849.98,10.850593,0.0015096710133033486,37
798,2018-01-01 14:07:00,12849.98,12887.99,12840.84,12852.9,4.522283,0.00022723770776300611,37
799,2018-01-01 14:08:00,12852.91,12869.41,12830.0,12840.84,8.532684,-0.0009383096421818893,37
800,2018-01-01 14:09:00,12840.84,12841.0,12814.98,12839.99,20.329951,-6.619504643001761e-05,37
801,2018-01-01 14:10:00,12839.99,12840.0,12807.99,12807.99,11.718804,-0.002492213778982677,37
802,2018-01-01 14:11:00,12814.98,12818.0,12750.0,12750.0,45.8114,-0.0045276425106515195,37
803,2018-01-01 14:12:00,12750.82,12800.0,12750.0,12787.77,9.31955,0.002962352941176416,38
804,2018-01-01 14:13:00,12787.77,12875.41,12780.0,12850.07,16.801708,0.0048718423931615185,38
805,2018-01-01 14:14:00,12850.07,12940.98,12850.07,12870.12,15.988891,0.0015603027843429373,38
806,2018-01-01 14:15:00,12870.12,12884.68,12829.42,12842.68,5.484653,-0.002132070252647278,38
807,2018-01-01 14:16:00,12842.69,12880.0,12820.42,12880.0,19.64616,0.0029059355212464055,38
808,2018-01-01 14:17:00,12880.01,12922.43,12871.53,12884.47,10.226333,0.00034704968944088144,39
809,2018-01-01 14:18:00,12899.0,12922.36,12884.0,12884.0,16.4495,-3.647802354300733e-05,39
810,2018-01-01 14:19:00,12880.53,12884.45,12827.0,12869.24,9.026103,-0.001145606954362055,39
811,2018-01-01 14:20:00,12880.0,12885.0,12830.16,12850.0,11.992353,-0.0014950377800087011,39
812,2018-01-01 14:21:00,12831.61,12845.72,12789.0,12820.5,7.145224,-0.0022957198443579463,39
813,2018-01-01 14:22:00,12820.5,12829.99,12750.0,12779.98,20.305662,-0.0031605631605632345,39
814,2018-01-01 14:23:00,12750.18,12800.0,12750.08,12791.0,13.104299,0.0008622861694620454,39
815,2018-01-01 14:24:00,12791.0,12814.13,12773.2,12773.2,15.662817,-0.0013916034711906056,39
816,2018-01-01 14:25:00,12774.0,12812.28,12754.03,12800.0,12.037761,0.002098142986878715,39
817,2018-01-01 14:26:00,12778.18,12820.5,12778.18,12815.0,6.103127,0.0011718750000000444,39
818,2018-01-01 14:27:00,12820.0,12883.12,12820.0,12830.16,7.216587,0.0011829886851346672,39
819,2018-01-01 14:28:00,12883.08,12883.11,12830.18,12851.59,5.801464,0.0016702831453387912,39
820,2018-01-01 14:29:00,12878.83,13245.0,12851.62,12927.0,23.634665,0.005867756441031879,39
821,2018-01-01 14:30:00,12927.01,12953.36,12884.36,12884.45,15.78344,-0.0032915603001468785,40
822,2018-01-01 14:31:00,12915.0,12941.76,12860.6,12907.81,18.846412,0.0018130381972065734,40
823,2018-01-01 14:32:00,12907.84,12940.0,12833.04,12888.19,10.704418,-0.001520009978454806,40
824,2018-01-01 14:33:00,12888.19,12889.94,12848.69,12860.02,2.777312,-0.002185721967165266,40
825,2018-01-01 14:34:00,12879.93,12880.1,12850.85,12851.0,7.609474,-0.0007013985981360049,40
826,2018-01-01 14:35:00,12851.0,12917.5,12850.85,12881.43,7.509378,0.002367909112131361,40
827,2018-01-01 14:36:00,12881.41,12953.35,12876.29,12929.97,9.298515,0.003768215174867917,40
828,2018-01-01 14:37:00,12909.93,12953.34,12900.99,12901.0,12.826426,-0.00224053110718736,40
829,2018-01-01 14:38:00,12904.14,12919.98,12888.0,12890.18,2.497881,-0.0008386946748313306,40
830,2018-01-01 14:39:00,12888.01,12922.0,12888.0,12919.96,6.476274,0.002310285814472568,40
831,2018-01-01 14:40:00,12919.96,12920.01,12893.01,12920.01,4.640577,3.869981021642488e-06,40
832,2018-01-01 14:41:00,12920.01,12980.0,12920.0,12953.23,5.60314,0.0025712054402433626,40
833,2018-01-01 14:42:00,12953.2,12999.0,12952.9,12980.89,7.813599,0.002135374728928552,40
834,2018-01-01 14:43:00,12980.13,13001.0,12970.0,12981.05,14.267877,1.2325811250324392e-05,41
835,2018-01-01 14:44:00,12980.0,13026.9,12966.75,13000.01,4.6639,0.0014605906301878857,41
836,2018-01-01 14:45:00,13000.0,13066.2,12999.53,13050.06,9.679408,0.0038499970384637816,41
837,2018-01-01 14:46:00,13066.19,13069.91,13049.0,13049.98,17.401759,-6.130240014168287e-06,41
838,2018-01-01 14:47:00,13049.98,13075.94,13017.0,13060.65,12.981233,0.0008176257741390192,41
839,2018-01-01 14:48:00,13060.65,13075.94,13014.92,13015.0,12.731412,-0.0034952318605888655,41
840,2018-01-01 14:49:00,13015.0,13048.76,13014.92,13014.92,8.094025,-6.146753745661648e-06,41
841,2018-01-01 14:50:00,13014.93,13075.94,12999.58,13044.8,24.330433,0.0022958266358916735,41
842,2018-01-01 14:51:00,13073.98,13117.99,13044.83,13106.0,10.209097,0.004691524592174812,41
843,2018-01-01 14:52:00,13105.89,13155.67,13066.4,13135.0,9.934664,0.0022127269952694206,41
844,2018-01-01 14:53:00,13133.01,13190.0,13133.01,13177.16,10.157426,0.0032097449562238367,42
845,2018-01-01 14:54:00,13177.16,13200.0,13129.49,13189.0,15.081681,0.0008985244164902983,42
846,2018-01-01 14:55:00,13168.29,13200.0,13168.27,13186.88,3.563041,-0.00016074001061494592,42
847,2018-01-01 14:56:00,13186.88,13221.39,13170.04,13200.0,3.342894,0.0009949282923633618,42
848,2018-01-01 14:57:00,13199.98,13199.98,13179.14,13180.0,4.448629,-0.0015151515151514694,42
849,2018-01-01 14:58:00,13182.57,13238.0,13179.15,13238.0,8.263515,0.004400606980273114,42
850,2018-01-01 14:59:00,13222.04,13245.0,13199.98,13211.39,16.683403,-0.002010122374981105,42
851,2018-01-01 15:00:00,13211.39,13231.94,13200.12,13210.19,10.150314,-9.08307150117027e-05,42
852,2018-01-01 15:01:00,13210.19,13210.19,13139.58,13165.81,14.286661,-0.003359527758495573,42
853,2018-01-01 15:02:00,13165.81,13165.81,13128.11,13149.93,5.951931,-0.0012061544257435663,42
854,2018-01-01 15:03:00,13160.0,13165.0,13120.38,13140.99,3.486344,-0.0006798515277267603,42
855,2018-01-01 15:04:00,13140.99,13149.93,13123.63,13149.93,5.923544,0.000680314040266472,42
856,2018-01-01 15:05:00,13149.92,13150.0,13139.0,13150.0,5.088387,5.323222252773263e-06,42
857,2018-01-01 15:06:00,13149.93,13178.97,13140.01,13178.97,7.040652000000001,0.002203041825094898,42
858,2018-01-01 15:07:00,13175.73,13210.0,13141.14,13183.23,7.736171,0.0003232422564130033,42
859,2018-01-01 15:08:00,13186.44,13221.03,13186.43,13221.03,7.001096,0.0028672791114165985,42
860,2018-01-01 15:09:00,13221.03,13231.07,13200.0,13217.72,8.538366,-0.0002503587088147352,42
861,2018-01-01 15:10:00,13217.72,13221.0,13200.0,13200.0,5.323963,-0.001340624555520864,42
862,2018-01-01 15:11:00,13200.0,13214.0,13200.0,13213.99,1.759177,0.0010598484848485246,42
863,2018-01-01 15:12:00,13213.99,13224.95,13200.0,13212.62,9.640289,-0.00010367799582100545,42
864,2018-01-01 15:13:00,13213.28,13213.28,13183.24,13191.1,9.942844,-0.0016287458505580554,42
865,2018-01-01 15:14:00,13183.24,13200.0,13165.02,13165.78,5.727215,-0.0019194760103402597,42
866,2018-01-01 15:15:00,13179.24,13191.87,13140.01,13153.88,12.110551,-0.0009038583357766639,42
867,2018-01-01 15:16:00,13153.88,13180.01,13128.0,13139.32,7.732021,-0.0011068977366374133,42
868,2018-01-01 15:17:00,13139.31,13158.97,13139.31,13149.81,4.321869,0.0007983670387812225,42
869,2018-01-01 15:18:00,13150.79,13151.62,13139.32,13139.41,7.011875,-0.0007908859519643041,42
870,2018-01-01 15:19:00,13139.4,13177.83,13139.32,13157.02,9.507625,0.0013402428267328403,42
871,2018-01-01 15:20:00,13157.02,13180.0,13151.9,13179.99,8.171361,0.0017458360631814607,42
872,2018-01-01 15:21:00,13157.2,13193.91,13157.2,13193.91,5.814936,0.0010561464765905804,42
873,2018-01-01 15:22:00,13193.44,13238.0,13193.44,13224.96,5.934295,0.0023533584812993613,42
874,2018-01-01 15:23:00,13225.0,13245.55,13224.95,13245.55,4.303172,0.0015569045199381737,42
875,2018-01-01 15:24:00,13245.55,13288.42,13245.55,13288.42,4.687168,0.003236558693296976,42
876,2018-01-01 15:25:00,13285.0,13330.0,13284.98,13303.0,10.513365,0.0010971959044039359,43
877,2018-01-01 15:26:00,13303.0,13313.02,13253.05,13295.0,10.669981,-0.0006013681124558135,43
878,2018-01-01 15:27:00,13277.01,13297.94,13271.1,13289.97,5.329434,-0.0003783377209477523,43
879,2018-01-01 15:28:00,13297.94,13300.01,13247.33,13293.87,13.458292,0.000293454387030323,43
880,2018-01-01 15:29:00,13297.0,13312.79,13297.0,13312.79,5.511286,0.0014232123527611051,43
881,2018-01-01 15:30:00,13312.79,13317.97,13289.31,13312.94,32.443464999999996,1.1267360185085451e-05,43
882,2018-01-01 15:31:00,13307.54,13320.0,13307.54,13317.97,13.456792,0.00037782788775420073,43
883,2018-01-01 15:32:00,13307.54,13320.0,13258.83,13300.0,18.383189,-0.0013493047363823951,43
884,2018-01-01 15:33:00,13300.0,13315.97,13284.05,13307.54,9.186279,0.0005669172932332156,43
885,2018-01-01 15:34:00,13307.54,13315.93,13285.05,13300.0,7.175838,-0.0005665960801169989,43
886,2018-01-01 15:35:00,13300.0,13314.86,13260.59,13294.99,5.54284,-0.0003766917293233085,43
887,2018-01-01 15:36:00,13290.0,13294.99,13260.0,13263.25,7.603663,-0.0023873654662395216,43
888,2018-01-01 15:37:00,13263.25,13289.99,13260.0,13278.0,3.878582,0.001112095451718087,43
889,2018-01-01 15:38:00,13266.0,13287.85,13263.3,13285.97,3.951311,0.0006002410001506586,43
890,2018-01-01 15:39:00,13285.97,13285.97,13269.55,13270.0,3.588061,-0.0012020198751012678,43
891,2018-01-01 15:40:00,13270.0,13285.88,13269.56,13271.33,6.787372,0.0001002260738507399,43
892,2018-01-01 15:41:00,13271.33,13272.84,13245.02,13259.91,6.912085,-0.0008605015473204247,43
893,2018-01-01 15:42:00,13259.91,13270.0,13232.66,13232.66,3.3998589999999997,-0.0020550667387636556,43
894,2018-01-01 15:43:00,13232.66,13250.0,13230.0,13237.12,5.749874,0.00033704485719421307,43
895,2018-01-01 15:44:00,13237.11,13245.0,13220.0,13245.0,12.032803,0.0005952956534351905,43
896,2018-01-01 15:45:00,13228.31,13244.23,13222.01,13244.23,2.6753679999999997,-5.813514533792308e-05,43
897,2018-01-01 15:46:00,13245.0,13289.97,13244.23,13272.32,6.110447,0.002120923602202618,43
898,2018-01-01 15:47:00,13272.32,13289.97,13256.07,13269.98,7.888738,-0.00017630677982449772,43
899,2018-01-01 15:48:00,13269.98,13289.97,13269.98,13288.3,2.2366,0.0013805597295548644,43
900,2018-01-01 15:49:00,13289.22,13302.3,13266.02,13281.0,8.976302,-0.0005493554480257012,43
901,2018-01-01 15:50:00,13299.97,13299.97,13246.28,13257.59,3.948996,-0.0017626684737594989,43
902,2018-01-01 15:51:00,13274.99,13274.99,13224.42,13230.0,3.527112,-0.0020810720500483715,43
903,2018-01-01 15:52:00,13230.0,13250.0,13230.0,13250.0,5.2389969999999995,0.0015117157974300355,43
904,2018-01-01 15:53:00,13260.0,13266.98,13240.51,13253.35,2.503243,0.0002528301886792761,43
905,2018-01-01 15:54:00,13255.03,13279.69,13241.19,13252.32,3.684573,-7.771620005514457e-05,43
906,2018-01-01 15:55:00,13252.32,13279.69,13252.32,13279.69,1.852444,0.0020652987552369773,43
907,2018-01-01 15:56:00,13279.69,13281.0,13269.23,13269.25,3.802624,-0.0007861629300082162,43
908,2018-01-01 15:57:00,13271.68,13271.68,13241.31,13265.49,3.978649,-0.0002833619081711314,43
909,2018-01-01 15:58:00,13265.49,13265.5,13229.04,13250.25,5.364993,-0.001148845613693883,43
910,2018-01-01 15:59:00,13250.01,13250.01,13225.2,13247.0,2.516673,-0.0002452783909737688,43
911,2018-01-01 16:00:00,13247.0,13247.08,13221.0,13246.1,3.024407,-6.793991092324259e-05,43
912,2018-01-01 16:01:00,13246.14,13246.14,13175.0,13180.12,6.533844,-0.00498108877329928,43
913,2018-01-01 16:02:00,13219.92,13219.92,13150.0,13182.03,4.045832,0.00014491522080217756,44
914,2018-01-01 16:03:00,13182.03,13223.9,13182.03,13214.68,1.562167,0.002476856751198353,44
915,2018-01-01 16:04:00,13205.0,13223.9,13204.33,13204.33,5.860504,-0.000783219873655705,44
916,2018-01-01 16:05:00,13204.33,13204.33,13201.97,13204.33,5.744159,0.0,44
917,2018-01-01 16:06:00,13202.0,13204.33,13170.92,13179.0,5.230878,-0.0019183101300861427,44
918,2018-01-01 16:07:00,13179.0,13179.0,13153.24,13156.99,6.392981,-0.0016700811897716328,44
919,2018-01-01 16:08:00,13157.0,13199.97,13150.0,13186.21,6.965007,0.0022208727072072776,44
920,2018-01-01 16:09:00,13186.21,13198.0,13157.52,13161.01,1.347627,-0.0019110874163235092,44
921,2018-01-01 16:10:00,13161.0,13198.0,13156.99,13186.33,9.950742,0.0019238645058394788,44
922,2018-01-01 16:11:00,13186.33,13199.97,13160.0,13186.19,8.059183,-1.0617055693273869e-05,44
923,2018-01-01 16:12:00,13180.65,13184.18,13155.0,13178.97,7.246198000000001,-0.0005475425426147984,44
924,2018-01-01 16:13:00,13176.96,13200.0,13155.02,13200.0,10.006447,0.0015957240967996444,44
925,2018-01-01 16:14:00,13200.0,13200.0,13185.06,13188.0,11.789534,-0.0009090909090908594,44
926,2018-01-01 16:15:00,13190.0,13199.99,13143.56,13192.62,5.399022,0.0003503184713375962,44
927,2018-01-01 16:16:00,13192.62,13192.95,13155.01,13155.01,8.083812,-0.00285083630090166,44
928,2018-01-01 16:17:00,13155.02,13180.38,13155.0,13166.54,3.566631,0.0008764721577558809,44
929,2018-01-01 16:18:00,13187.77,13187.77,13166.48,13179.99,3.740993,0.0010215288147075174,44
930,2018-01-01 16:19:00,13172.89,13182.86,13164.0,13164.0,2.154453,-0.001213202741428443,44
931,2018-01-01 16:20:00,13163.73,13168.67,13050.0,13050.0,25.865819,-0.00865998176845939,44
932,2018-01-01 16:21:00,13046.82,13059.53,13020.01,13041.99,13.216378,-0.0006137931034483346,45
933,2018-01-01 16:22:00,13041.99,13093.88,13022.62,13040.69,5.263241,-9.967803993093938e-05,45
934,2018-01-01 16:23:00,13062.42,13069.1,13035.15,13041.78,1.417049,8.35845342539443e-05,45
935,2018-01-01 16:24:00,13069.11,13069.11,13040.68,13041.64,3.436666,-1.0734730995443087e-05,45
936,2018-01-01 16:25:00,13050.0,13050.0,13022.78,13027.02,9.386238,-0.001121024656408176,45
937,2018-01-01 16:26:00,13027.02,13095.68,13022.27,13057.91,5.159962,0.0023712253454741816,45
938,2018-01-01 16:27:00,13066.0,13095.45,13057.88,13082.17,3.765512,0.0018578777154996118,45
939,2018-01-01 16:28:00,13082.17,13082.17,13052.0,13066.06,2.970176,-0.0012314470764407393,45
940,2018-01-01 16:29:00,13066.06,13079.1,13052.89,13066.06,1.90001,0.0,45
941,2018-01-01 16:30:00,13066.1,13082.17,13066.06,13072.81,8.137878,0.0005166056179140011,45
942,2018-01-01 16:31:00,13082.15,13094.56,13066.07,13094.54,5.609716,0.001662228702169033,45
943,2018-01-01 16:32:00,13090.01,13100.0,13090.01,13094.57,4.5556980000000005,2.2910312236223973e-06,45
944,2018-01-01 16:33:00,13095.54,13095.98,13070.99,13070.99,7.157207,-0.0018007464162625997,45
945,2018-01-01 16:34:00,13070.99,13089.98,13060.0,13060.0,4.842838,-0.0008407932375436022,45
946,2018-01-01 16:35:00,13070.99,13073.7,13050.0,13050.0,5.820263,-0.0007656967840734552,45
947,2018-01-01 16:36:00,13049.0,13049.99,13007.2,13039.99,4.322832,-0.0007670498084291211,45
948,2018-01-01 16:37:00,13020.0,13020.0,12980.57,13003.68,13.243416,-0.002784511337815432,45
949,2018-01-01 16:38:00,13000.53,13020.0,12966.42,12975.0,7.584779,-0.002205529511645987,45
950,2018-01-01 16:39:00,12999.99,13072.58,12991.69,13035.01,5.022632,0.004625048169556889,45
951,2018-01-01 16:40:00,13035.01,13090.0,13035.0,13089.97,5.66654,0.00421633738677607,45
952,2018-01-01 16:41:00,13076.71,13130.36,13076.71,13080.0,5.635586,-0.000761651860164636,45
953,2018-01-01 16:42:00,13080.0,13134.19,13080.0,13115.01,2.727786,0.0026766055045872594,45
954,2018-01-01 16:43:00,13115.0,13134.15,13106.19,13106.19,1.640319,-0.0006725118776119698,46
955,2018-01-01 16:44:00,13107.0,13149.07,13101.11,13149.07,4.113976,0.0032717364848211528,46
956,2018-01-01 16:45:00,13149.07,13200.0,13120.42,13140.0,10.392146,-0.0006897826234097959,46
957,2018-01-01 16:46:00,13140.0,13175.14,13102.01,13138.05,7.366076,-0.0001484018264841236,46
958,2018-01-01 16:47:00,13138.03,13186.06,13136.36,13168.03,6.0038,0.002281921594148306,46
959,2018-01-01 16:48:00,13168.03,13186.16,13156.0,13166.03,2.402406,-0.00015188300755697437,46
960,2018-01-01 16:49:00,13162.03,13185.99,13158.0,13161.01,1.905305,-0.000381284259568071,46
961,2018-01-01 16:50:00,13161.01,13178.49,13133.93,13172.29,7.823915,0.0008570770784308568,46
962,2018-01-01 16:51:00,13177.81,13185.97,13131.0,13175.0,9.327481,0.00020573491777042818,46
963,2018-01-01 16:52:00,13184.97,13184.98,13128.0,13174.97,8.72149,-2.2770398482307996e-06,46
964,2018-01-01 16:53:00,13161.84,13174.93,13128.01,13132.88,2.277286,-0.003194694181466784,46
965,2018-01-01 16:54:00,13132.97,13166.31,13116.0,13116.0,6.24922,-0.0012853235543155428,46
966,2018-01-01 16:55:00,13115.99,13145.58,13064.99,13069.84,9.105099,-0.0035193656602622303,46
967,2018-01-01 16:56:00,13069.78,13069.78,13050.0,13055.88,4.841194,-0.001068107949294017,46
968,2018-01-01 16:57:00,13050.0,13055.89,13020.32,13028.86,5.046016,-0.0020695655903698595,46
969,2018-01-01 16:58:00,13020.35,13032.08,13010.47,13017.93,6.610453,-0.0008389068575455072,47
970,2018-01-01 16:59:00,13017.93,13018.0,13000.0,13018.0,4.154741,5.377198986300513e-06,47
971,2018-01-01 17:00:00,13018.0,13081.4,13018.0,13047.08,25.666728,0.0022338300814257472,47
972,2018-01-01 17:01:00,13044.46,13071.0,13043.66,13069.98,1.241459,0.0017551820024097609,47
973,2018-01-01 17:02:00,13069.99,13080.73,13055.0,13065.81,2.897447,-0.00031905175065305436,47
974,2018-01-01 17:03:00,13069.99,13095.0,13060.0,13095.0,3.614017,0.0022340750401237397,47
975,2018-01-01 17:04:00,13095.0,13134.14,13087.93,13089.05,1.323583,-0.00045437189767094655,47
976,2018-01-01 17:05:00,13089.05,13126.66,13089.05,13126.0,1.397652,0.0028229703454414334,47
977,2018-01-01 17:06:00,13126.64,13143.09,13100.03,13100.03,5.320837,-0.0019785159225963467,47
978,2018-01-01 17:07:00,13102.48,13120.5,13092.32,13120.5,5.098367,0.0015625918413926243,47
979,2018-01-01 17:08:00,13120.0,13129.48,13100.02,13116.39,2.158948,-0.00031325025723105693,47
980,2018-01-01 17:09:00,13114.24,13114.24,13100.02,13100.04,1.943859,-0.0012465320107132305,47
981,2018-01-01 17:10:00,13100.02,13100.02,13080.0,13080.0,1.75025,-0.0015297663213242885,47
982,2018-01-01 17:11:00,13088.0,13116.39,13088.0,13100.07,1.969928,0.0015344036697246821,47
983,2018-01-01 17:12:00,13100.03,13122.86,13088.02,13101.03,0.696811,7.328205116463593e-05,47
984,2018-01-01 17:13:00,13118.03,13129.0,13101.03,13120.27,5.372601,0.001468586821036233,47
985,2018-01-01 17:14:00,13110.0,13110.0,13000.0,13099.0,7.344643,-0.0016211556621930079,47
986,2018-01-01 17:15:00,13100.0,13108.66,13070.03,13100.28,3.413548,9.771738300634603e-05,47
987,2018-01-01 17:16:00,13086.48,13129.0,13042.71,13109.42,5.632447,0.0006976950110990643,47
988,2018-01-01 17:17:00,13109.42,13122.86,13109.42,13118.99,1.646834,0.0007300094130784363,47
989,2018-01-01 17:18:00,13118.99,13141.6,13101.11,13119.99,3.712298,7.62253801549484e-05,47
990,2018-01-01 17:19:00,13119.99,13141.3,13119.99,13120.07,1.71943,6.097565623086609e-06,47
991,2018-01-01 17:20:00,13121.01,13160.78,13120.06,13160.78,7.580736,0.0031028797864647295,47
992,2018-01-01 17:21:00,13160.78,13198.5,13159.69,13167.81,9.649033,0.0005341628687660638,48
993,2018-01-01 17:22:00,13172.0,13177.0,13166.33,13174.21,4.730451,0.00048603374441147373,48
994,2018-01-01 17:23:00,13174.21,13198.98,13136.44,13174.21,3.475467,0.0,48
995,2018-01-01 17:24:00,13147.11,13166.0,13136.0,13137.81,1.714353,-0.0027629740227307353,48
996,2018-01-01 17:25:00,13165.98,13165.98,13125.12,13126.63,1.40924,-0.0008509789683364133,48
997,2018-01-01 17:26:00,13126.62,13152.35,13126.62,13149.59,0.445993,0.0017491161097709096,48
998,2018-01-01 17:27:00,13149.57,13165.11,13127.89,13165.11,3.518564,0.0011802649360170836,48
999,2018-01-01 17:28:00,13165.11,13165.99,13134.03,13165.99,1.607752,6.684334578288542e-05,48
